{
  "features": {
    "program_static_milepost_features": {
      "astex_codelet__1": {
        "1": 32.0, 
        "10": 2.0, 
        "11": 9.0, 
        "12": 0.0, 
        "13": 30.0, 
        "14": 0.0, 
        "15": 0.0, 
        "16": 44.0, 
        "17": 10.0, 
        "18": 0.0, 
        "19": 0.0, 
        "2": 16.0, 
        "20": 13.0, 
        "21": 43.0, 
        "22": 23.0, 
        "23": 0.0, 
        "24": 59.0, 
        "25": 1.96667, 
        "26": 1.13333, 
        "27": 2.02941, 
        "28": 10.0, 
        "29": 2.0, 
        "3": 13.0, 
        "30": 18.0, 
        "31": 0.0, 
        "32": 12.0, 
        "33": 0.0, 
        "34": 9.0, 
        "35": 4.0, 
        "36": 3.0, 
        "37": 0.0, 
        "38": 0.0, 
        "39": 0.0, 
        "4": 0.0, 
        "40": 0.0, 
        "41": 14.0, 
        "42": 0.0, 
        "43": 0.0, 
        "44": 0.0, 
        "45": 0.0, 
        "46": 11.0, 
        "47": 27.0, 
        "48": 4.0, 
        "49": 4.0, 
        "5": 18.0, 
        "50": 156.0, 
        "51": 0.0, 
        "52": 31.0, 
        "53": 0.0, 
        "54": 7.0, 
        "55": 0.0, 
        "56": 0.0, 
        "57": 14.0, 
        "58": 158.0, 
        "59": 34.0, 
        "6": 11.0, 
        "60": 82.0, 
        "61": 410.0, 
        "62": 14.0, 
        "63": 32.5294, 
        "64": 3170.42, 
        "65": 103132.0, 
        "7": 1.0, 
        "8": 14.0, 
        "9": 3.0
      }, 
      "main": {
        "1": 10.0, 
        "10": 1.0, 
        "11": 2.0, 
        "12": 0.0, 
        "13": 7.0, 
        "14": 1.0, 
        "15": 0.0, 
        "16": 12.0, 
        "17": 2.0, 
        "18": 0.0, 
        "19": 20.0, 
        "2": 4.0, 
        "20": 3.0, 
        "21": 21.0, 
        "22": 1.0, 
        "23": 0.0, 
        "24": 45.0, 
        "25": 5.625, 
        "26": 1.5, 
        "27": 2.0, 
        "28": 1.0, 
        "29": 2.0, 
        "3": 3.0, 
        "30": 5.0, 
        "31": 0.0, 
        "32": 3.0, 
        "33": 0.0, 
        "34": 9.0, 
        "35": 1.0, 
        "36": 6.0, 
        "37": 0.0, 
        "38": 0.0, 
        "39": 0.0, 
        "4": 0.0, 
        "40": 0.0, 
        "41": 2.0, 
        "42": 1.0, 
        "43": 14.0, 
        "44": 7.0, 
        "45": 6.0, 
        "46": 15.0, 
        "47": 13.0, 
        "48": 4.0, 
        "49": 18.0, 
        "5": 5.0, 
        "50": 78.0, 
        "51": 0.0, 
        "52": 23.0, 
        "53": 0.0, 
        "54": 20.0, 
        "55": 0.0, 
        "56": 0.0, 
        "57": 4.0, 
        "58": 98.0, 
        "59": 34.0, 
        "6": 3.0, 
        "60": 75.0, 
        "61": 368.0, 
        "62": 18.0, 
        "63": 25.9412, 
        "64": 2654.86, 
        "65": 68870.3, 
        "7": 0.0, 
        "8": 3.0, 
        "9": 1.0
      }
    }
  }
}
