{
  "features": {
    "program_static_milepost_features": {
      "astex_codelet__1": {
        "1": 11.0, 
        "10": 0.0, 
        "11": 2.0, 
        "12": 0.0, 
        "13": 8.0, 
        "14": 1.0, 
        "15": 0.0, 
        "16": 12.0, 
        "17": 0.0, 
        "18": 0.0, 
        "19": 0.0, 
        "2": 6.0, 
        "20": 2.0, 
        "21": 25.0, 
        "22": 7.0, 
        "23": 0.0, 
        "24": 30.0, 
        "25": 3.33333, 
        "26": 1.11111, 
        "27": 2.0, 
        "28": 0.0, 
        "29": 2.0, 
        "3": 2.0, 
        "30": 7.0, 
        "31": 0.0, 
        "32": 2.0, 
        "33": 0.0, 
        "34": 7.0, 
        "35": 4.0, 
        "36": 4.0, 
        "37": 0.0, 
        "38": 0.0, 
        "39": 0.0, 
        "4": 0.0, 
        "40": 0.0, 
        "41": 5.0, 
        "42": 0.0, 
        "43": 0.0, 
        "44": 0.0, 
        "45": 0.0, 
        "46": 0.0, 
        "47": 3.0, 
        "48": 4.0, 
        "49": 2.0, 
        "5": 7.0, 
        "50": 80.0, 
        "51": 0.0, 
        "52": 23.0, 
        "53": 0.0, 
        "54": 6.0, 
        "55": 0.0, 
        "56": 0.0, 
        "57": 3.0, 
        "58": 80.0, 
        "59": 24.0, 
        "6": 2.0, 
        "60": 49.0, 
        "61": 183.0, 
        "62": 10.0, 
        "63": 16.6667, 
        "64": 1337.23, 
        "65": 22287.1, 
        "7": 0.0, 
        "8": 6.0, 
        "9": 0.0
      }, 
      "main": {
        "1": 10.0, 
        "10": 1.0, 
        "11": 2.0, 
        "12": 0.0, 
        "13": 7.0, 
        "14": 1.0, 
        "15": 0.0, 
        "16": 12.0, 
        "17": 2.0, 
        "18": 0.0, 
        "19": 22.0, 
        "2": 4.0, 
        "20": 3.0, 
        "21": 25.0, 
        "22": 1.0, 
        "23": 0.0, 
        "24": 51.0, 
        "25": 6.375, 
        "26": 1.0, 
        "27": 2.0, 
        "28": 2.0, 
        "29": 1.0, 
        "3": 3.0, 
        "30": 5.0, 
        "31": 0.0, 
        "32": 3.0, 
        "33": 0.0, 
        "34": 10.0, 
        "35": 2.0, 
        "36": 7.0, 
        "37": 0.0, 
        "38": 0.0, 
        "39": 0.0, 
        "4": 0.0, 
        "40": 0.0, 
        "41": 3.0, 
        "42": 1.0, 
        "43": 16.0, 
        "44": 7.0, 
        "45": 7.0, 
        "46": 13.0, 
        "47": 10.0, 
        "48": 3.0, 
        "49": 21.0, 
        "5": 5.0, 
        "50": 89.0, 
        "51": 0.0, 
        "52": 25.0, 
        "53": 0.0, 
        "54": 22.0, 
        "55": 0.0, 
        "56": 0.0, 
        "57": 4.0, 
        "58": 111.0, 
        "59": 36.0, 
        "6": 3.0, 
        "60": 86.0, 
        "61": 384.0, 
        "62": 17.0, 
        "63": 26.2083, 
        "64": 2833.67, 
        "65": 74265.9, 
        "7": 0.0, 
        "8": 3.0, 
        "9": 1.0
      }
    }
  }
}
