{
  "features": {
    "program_static_milepost_features": {
      "absVal": {
        "1": 5.0, 
        "10": 0.0, 
        "11": 0.0, 
        "12": 0.0, 
        "13": 3.0, 
        "14": 0.0, 
        "15": 0.0, 
        "16": 5.0, 
        "17": 1.0, 
        "18": 0.0, 
        "19": 0.0, 
        "2": 1.0, 
        "20": 1.0, 
        "21": 2.0, 
        "22": 0.0, 
        "23": 1.0, 
        "24": 4.0, 
        "25": 1.33333, 
        "26": 0.333333, 
        "27": 2.0, 
        "28": 1.0, 
        "29": 0.0, 
        "3": 1.0, 
        "30": 2.0, 
        "31": 1.0, 
        "32": 0.0, 
        "33": 0.0, 
        "34": 1.0, 
        "35": 0.0, 
        "36": 0.0, 
        "37": 0.0, 
        "38": 0.0, 
        "39": 0.0, 
        "4": 0.0, 
        "40": 0.0, 
        "41": 0.0, 
        "42": 0.0, 
        "43": 0.0, 
        "44": 0.0, 
        "45": 0.0, 
        "46": 1.0, 
        "47": 0.0, 
        "48": 0.0, 
        "49": 0.0, 
        "5": 2.0, 
        "50": 8.0, 
        "51": 0.0, 
        "52": 2.0, 
        "53": 0.0, 
        "54": 0.0, 
        "55": 0.0, 
        "56": 0.0, 
        "57": 2.0, 
        "58": 8.0, 
        "59": 3.0, 
        "6": 1.0, 
        "60": 2.0, 
        "61": 21.0, 
        "62": 8.0, 
        "63": 10.6667, 
        "64": 100.265, 
        "65": 1069.5, 
        "7": 0.0, 
        "8": 1.0, 
        "9": 1.0
      }, 
      "cl_clean_up": {
        "1": 5.0, 
        "10": 0.0, 
        "11": 0.0, 
        "12": 0.0, 
        "13": 2.0, 
        "14": 1.0, 
        "15": 0.0, 
        "16": 5.0, 
        "17": 1.0, 
        "18": 0.0, 
        "19": 9.0, 
        "2": 1.0, 
        "20": 1.0, 
        "21": 17.0, 
        "22": 0.0, 
        "23": 0.0, 
        "24": 28.0, 
        "25": 9.33333, 
        "26": 0.0, 
        "27": 0.0, 
        "28": 0.0, 
        "29": 0.0, 
        "3": 1.0, 
        "30": 3.0, 
        "31": 0.0, 
        "32": 0.0, 
        "33": 0.0, 
        "34": 0.0, 
        "35": 0.0, 
        "36": 0.0, 
        "37": 0.0, 
        "38": 0.0, 
        "39": 0.0, 
        "4": 0.0, 
        "40": 0.0, 
        "41": 0.0, 
        "42": 0.0, 
        "43": 9.0, 
        "44": 0.0, 
        "45": 9.0, 
        "46": 2.0, 
        "47": 2.0, 
        "48": 0.0, 
        "49": 0.0, 
        "5": 2.0, 
        "50": 35.0, 
        "51": 32.0, 
        "52": 15.0, 
        "53": 7.0, 
        "54": 6.0, 
        "55": 6.0, 
        "56": 0.0, 
        "57": 2.0, 
        "58": 60.0, 
        "59": 31.0, 
        "6": 1.0, 
        "60": 51.0, 
        "61": 146.0, 
        "62": 13.0, 
        "63": 12.5806, 
        "64": 1123.99, 
        "65": 14140.5, 
        "7": 0.0, 
        "8": 1.0, 
        "9": 1.0
      }, 
      "cl_initialization": {
        "1": 22.0, 
        "10": 0.0, 
        "11": 6.0, 
        "12": 0.0, 
        "13": 20.0, 
        "14": 0.0, 
        "15": 0.0, 
        "16": 28.0, 
        "17": 2.0, 
        "18": 0.0, 
        "19": 19.0, 
        "2": 12.0, 
        "20": 7.0, 
        "21": 27.0, 
        "22": 0.0, 
        "23": 0.0, 
        "24": 54.0, 
        "25": 2.7, 
        "26": 2.7, 
        "27": 2.0, 
        "28": 0.0, 
        "29": 6.0, 
        "3": 7.0, 
        "30": 14.0, 
        "31": 0.0, 
        "32": 6.0, 
        "33": 0.0, 
        "34": 5.0, 
        "35": 0.0, 
        "36": 0.0, 
        "37": 0.0, 
        "38": 0.0, 
        "39": 0.0, 
        "4": 0.0, 
        "40": 0.0, 
        "41": 0.0, 
        "42": 5.0, 
        "43": 19.0, 
        "44": 2.0, 
        "45": 17.0, 
        "46": 21.0, 
        "47": 20.0, 
        "48": 3.0, 
        "49": 5.0, 
        "5": 13.0, 
        "50": 59.0, 
        "51": 252.0, 
        "52": 18.0, 
        "53": 8.0, 
        "54": 10.0, 
        "55": 4.0, 
        "56": 0.0, 
        "57": 8.0, 
        "58": 204.0, 
        "59": 35.0, 
        "6": 7.0, 
        "60": 185.0, 
        "61": 564.0, 
        "62": 15.0, 
        "63": 43.7143, 
        "64": 4331.97, 
        "65": 189369.0, 
        "7": 0.0, 
        "8": 12.0, 
        "9": 1.0
      }, 
      "cl_launch_kernel": {
        "1": 7.0, 
        "10": 0.0, 
        "11": 0.0, 
        "12": 0.0, 
        "13": 4.0, 
        "14": 1.0, 
        "15": 0.0, 
        "16": 6.0, 
        "17": 0.0, 
        "18": 0.0, 
        "19": 12.0, 
        "2": 0.0, 
        "20": 2.0, 
        "21": 34.0, 
        "22": 5.0, 
        "23": 0.0, 
        "24": 49.0, 
        "25": 9.8, 
        "26": 0.0, 
        "27": 0.0, 
        "28": 0.0, 
        "29": 0.0, 
        "3": 2.0, 
        "30": 5.0, 
        "31": 0.0, 
        "32": 0.0, 
        "33": 0.0, 
        "34": 0.0, 
        "35": 0.0, 
        "36": 0.0, 
        "37": 0.0, 
        "38": 0.0, 
        "39": 0.0, 
        "4": 0.0, 
        "40": 6.0, 
        "41": 0.0, 
        "42": 1.0, 
        "43": 10.0, 
        "44": 0.0, 
        "45": 10.0, 
        "46": 11.0, 
        "47": 20.0, 
        "48": 5.0, 
        "49": 10.0, 
        "5": 5.0, 
        "50": 68.0, 
        "51": 50.0, 
        "52": 19.0, 
        "53": 7.0, 
        "54": 2.0, 
        "55": 4.0, 
        "56": 0.0, 
        "57": 3.0, 
        "58": 105.0, 
        "59": 32.0, 
        "6": 0.0, 
        "60": 93.0, 
        "61": 277.0, 
        "62": 15.0, 
        "63": 24.6094, 
        "64": 2120.62, 
        "65": 52187.2, 
        "7": 0.0, 
        "8": 0.0, 
        "9": 2.0
      }, 
      "cl_load_prog": {
        "1": 9.0, 
        "10": 0.0, 
        "11": 0.0, 
        "12": 0.0, 
        "13": 7.0, 
        "14": 0.0, 
        "15": 0.0, 
        "16": 8.0, 
        "17": 0.0, 
        "18": 0.0, 
        "19": 12.0, 
        "2": 0.0, 
        "20": 3.0, 
        "21": 15.0, 
        "22": 0.0, 
        "23": 0.0, 
        "24": 31.0, 
        "25": 4.42857, 
        "26": 0.0, 
        "27": 0.0, 
        "28": 0.0, 
        "29": 0.0, 
        "3": 3.0, 
        "30": 7.0, 
        "31": 0.0, 
        "32": 0.0, 
        "33": 0.0, 
        "34": 2.0, 
        "35": 0.0, 
        "36": 0.0, 
        "37": 0.0, 
        "38": 0.0, 
        "39": 0.0, 
        "4": 0.0, 
        "40": 0.0, 
        "41": 0.0, 
        "42": 3.0, 
        "43": 9.0, 
        "44": 2.0, 
        "45": 7.0, 
        "46": 9.0, 
        "47": 11.0, 
        "48": 5.0, 
        "49": 3.0, 
        "5": 7.0, 
        "50": 36.0, 
        "51": 30.0, 
        "52": 12.0, 
        "53": 8.0, 
        "54": 8.0, 
        "55": 6.0, 
        "56": 0.0, 
        "57": 4.0, 
        "58": 63.0, 
        "59": 29.0, 
        "6": 0.0, 
        "60": 51.0, 
        "61": 218.0, 
        "62": 14.0, 
        "63": 15.2069, 
        "64": 1523.9, 
        "65": 23173.7, 
        "7": 0.0, 
        "8": 0.0, 
        "9": 3.0
      }, 
      "cl_mem_init": {
        "1": 7.0, 
        "10": 0.0, 
        "11": 1.0, 
        "12": 0.0, 
        "13": 5.0, 
        "14": 0.0, 
        "15": 0.0, 
        "16": 8.0, 
        "17": 2.0, 
        "18": 0.0, 
        "19": 6.0, 
        "2": 2.0, 
        "20": 2.0, 
        "21": 12.0, 
        "22": 0.0, 
        "23": 0.0, 
        "24": 21.0, 
        "25": 4.2, 
        "26": 1.4, 
        "27": 2.0, 
        "28": 0.0, 
        "29": 1.0, 
        "3": 2.0, 
        "30": 4.0, 
        "31": 0.0, 
        "32": 1.0, 
        "33": 0.0, 
        "34": 0.0, 
        "35": 0.0, 
        "36": 0.0, 
        "37": 0.0, 
        "38": 0.0, 
        "39": 0.0, 
        "4": 0.0, 
        "40": 0.0, 
        "41": 0.0, 
        "42": 4.0, 
        "43": 6.0, 
        "44": 2.0, 
        "45": 4.0, 
        "46": 14.0, 
        "47": 8.0, 
        "48": 4.0, 
        "49": 8.0, 
        "5": 3.0, 
        "50": 27.0, 
        "51": 46.0, 
        "52": 11.0, 
        "53": 5.0, 
        "54": 8.0, 
        "55": 4.0, 
        "56": 0.0, 
        "57": 3.0, 
        "58": 56.0, 
        "59": 20.0, 
        "6": 2.0, 
        "60": 48.0,