{
  "features": {
    "program_static_milepost_features": {
      "insertR": {
        "1": 103.0, 
        "10": 10.0, 
        "11": 20.0, 
        "12": 0.0, 
        "13": 101.0, 
        "14": 0.0, 
        "15": 0.0, 
        "16": 152.0, 
        "17": 40.0, 
        "18": 0.0, 
        "19": 11.0, 
        "2": 50.0, 
        "20": 50.0, 
        "21": 308.0, 
        "22": 70.0, 
        "23": 0.0, 
        "24": 370.0, 
        "25": 3.66337, 
        "26": 0.386139, 
        "27": 2.48718, 
        "28": 30.0, 
        "29": 0.0, 
        "3": 50.0, 
        "30": 71.0, 
        "31": 0.0, 
        "32": 30.0, 
        "33": 0.0, 
        "34": 40.0, 
        "35": 0.0, 
        "36": 0.0, 
        "37": 0.0, 
        "38": 0.0, 
        "39": 0.0, 
        "4": 0.0, 
        "40": 0.0, 
        "41": 40.0, 
        "42": 0.0, 
        "43": 11.0, 
        "44": 11.0, 
        "45": 0.0, 
        "46": 30.0, 
        "47": 40.0, 
        "48": 20.0, 
        "49": 30.0, 
        "5": 61.0, 
        "50": 842.0, 
        "51": 0.0, 
        "52": 196.0, 
        "53": 0.0, 
        "54": 25.0, 
        "55": 0.0, 
        "56": 0.0, 
        "57": 51.0, 
        "58": 955.0, 
        "59": 202.0, 
        "6": 30.0, 
        "60": 532.0, 
        "61": 2155.0, 
        "62": 15.0, 
        "63": 35.4579, 
        "64": 24124.4, 
        "65": 855402.0, 
        "7": 10.0, 
        "8": 31.0, 
        "9": 30.0
      }, 
      "main": {
        "1": 8.0, 
        "10": 1.0, 
        "11": 1.0, 
        "12": 0.0, 
        "13": 6.0, 
        "14": 0.0, 
        "15": 0.0, 
        "16": 9.0, 
        "17": 1.0, 
        "18": 0.0, 
        "19": 9.0, 
        "2": 3.0, 
        "20": 2.0, 
        "21": 1.0, 
        "22": 1.0, 
        "23": 0.0, 
        "24": 13.0, 
        "25": 2.16667, 
        "26": 1.33333, 
        "27": 2.0, 
        "28": 1.0, 
        "29": 1.0, 
        "3": 2.0, 
        "30": 4.0, 
        "31": 0.0, 
        "32": 2.0, 
        "33": 0.0, 
        "34": 0.0, 
        "35": 0.0, 
        "36": 0.0, 
        "37": 0.0, 
        "38": 0.0, 
        "39": 0.0, 
        "4": 0.0, 
        "40": 0.0, 
        "41": 1.0, 
        "42": 0.0, 
        "43": 4.0, 
        "44": 2.0, 
        "45": 2.0, 
        "46": 10.0, 
        "47": 8.0, 
        "48": 4.0, 
        "49": 5.0, 
        "5": 4.0, 
        "50": 17.0, 
        "51": 0.0, 
        "52": 8.0, 
        "53": 0.0, 
        "54": 3.0, 
        "55": 0.0, 
        "56": 0.0, 
        "57": 3.0, 
        "58": 26.0, 
        "59": 17.0, 
        "6": 2.0, 
        "60": 15.0, 
        "61": 121.0, 
        "62": 15.0, 
        "63": 11.4706, 
        "64": 734.573, 
        "65": 8425.99, 
        "7": 0.0, 
        "8": 2.0, 
        "9": 1.0
      }, 
      "main1": {
        "1": 27.0, 
        "10": 0.0, 
        "11": 2.0, 
        "12": 0.0, 
        "13": 24.0, 
        "14": 1.0, 
        "15": 0.0, 
        "16": 28.0, 
        "17": 0.0, 
        "18": 0.0, 
        "19": 38.0, 
        "2": 4.0, 
        "20": 11.0, 
        "21": 53.0, 
        "22": 2.0, 
        "23": 0.0, 
        "24": 103.0, 
        "25": 4.12, 
        "26": 1.24, 
        "27": 2.0, 
        "28": 0.0, 
        "29": 2.0, 
        "3": 11.0, 
        "30": 23.0, 
        "31": 0.0, 
        "32": 2.0, 
        "33": 0.0, 
        "34": 16.0, 
        "35": 1.0, 
        "36": 3.0, 
        "37": 0.0, 
        "38": 0.0, 
        "39": 0.0, 
        "4": 0.0, 
        "40": 2.0, 
        "41": 2.0, 
        "42": 0.0, 
        "43": 23.0, 
        "44": 16.0, 
        "45": 7.0, 
        "46": 24.0, 
        "47": 20.0, 
        "48": 15.0, 
        "49": 22.0, 
        "5": 23.0, 
        "50": 186.0, 
        "51": 5.0, 
        "52": 51.0, 
        "53": 1.0, 
        "54": 38.0, 
        "55": 1.0, 
        "56": 0.0, 
        "57": 12.0, 
        "58": 245.0, 
        "59": 74.0, 
        "6": 2.0, 
        "60": 187.0, 
        "61": 744.0, 
        "62": 21.0, 
        "63": 34.7635, 
        "64": 6493.82, 
        "65": 225748.0, 
        "7": 0.0, 
        "8": 4.0, 
        "9": 9.0
      }, 
      "pat_insert": {
        "1": 33.0, 
        "10": 2.0, 
        "11": 6.0, 
        "12": 0.0, 
        "13": 31.0, 
        "14": 0.0, 
        "15": 0.0, 
        "16": 45.0, 
        "17": 5.0, 
        "18": 0.0, 
        "19": 11.0, 
        "2": 17.0, 
        "20": 13.0, 
        "21": 93.0, 
        "22": 19.0, 
        "23": 0.0, 
        "24": 118.0, 
        "25": 3.80645, 
        "26": 0.774194, 
        "27": 2.08333, 
        "28": 7.0, 
        "29": 3.0, 
        "3": 13.0, 
        "30": 21.0, 
        "31": 0.0, 
        "32": 10.0, 
        "33": 0.0, 
        "34": 11.0, 
        "35": 5.0, 
        "36": 0.0, 
        "37": 0.0, 
        "38": 0.0, 
        "39": 0.0, 
        "4": 0.0, 
        "40": 1.0, 
        "41": 17.0, 
        "42": 0.0, 
        "43": 10.0, 
        "44": 6.0, 
        "45": 0.0, 
        "46": 13.0, 
        "47": 19.0, 
        "48": 11.0, 
        "49": 10.0, 
        "5": 22.0, 
        "50": 260.0, 
        "51": 0.0, 
        "52": 54.0, 
        "53": 0.0, 
        "54": 16.0, 
        "55": 0.0, 
        "56": 0.0, 
        "57": 14.0, 
        "58": 306.0, 
        "59": 67.0, 
        "6": 8.0, 
        "60": 235.0, 
        "61": 753.0, 
        "62": 17.0, 
        "63": 38.8209, 
        "64": 6765.54, 
        "65": 262644.0, 
        "7": 1.0, 
        "8": 15.0, 
        "9": 7.0
      }, 
      "pat_remove": {
        "1": 49.0, 
        "10": 4.0, 
        "11": 10.0, 
        "12": 0.0, 
        "13": 47.0, 
        "14": 0.0, 
        "15": 0.0, 
        "16": 69.0, 
        "17": 11.0, 
        "18": 0.0, 
        "19": 6.0, 
        "2": 25.0, 
        "20": 21.0, 
        "21": 119.0, 
        "22": 22.0, 
        "23": 0.0, 
        "24": 147.0, 
        "25": 3.12766, 
        "26": 0.787234, 
        "27": 2.05405, 
        "28": 14.0, 
        "29": 3.0, 
        "3": 21.0, 
        "30": 30.0, 
        "31": 0.0, 
        "32": 17.0, 
        "33": 0.0, 
        "34": 16.0, 
        "35": 5.0, 
        "36": 0.0, 
        "37": 0.0, 
        "38": 0.0, 
        "39": 0.0, 
        "4": 0.0, 
        "40": 0.0, 
        "41": 20.0, 
        "42": 0.0, 
        "43": 5.0, 
        "44": 2.0, 
        "45": 0.0, 
        "46": 21.0, 
        "47": 24.0, 
        "48": 10.0, 
        "49": 11.0, 
        "5": 32.0, 
        "50": 321.0, 
        "51": 0.0, 
        "52": 71.0, 
        "53": 0.0, 
        "54": 17.0, 
        "55": 0.0, 
        "56": 0.0, 
        "57": 22.0, 
        "58": 375.0, 
        "59": 83.0, 
        "6": 14.0, 
        "60": 314.0, 
        "61": 929.0, 
        "62": 17.0, 
        "63": 38.4036, 
        "64": 8658.56, 
        "65": 332520.0, 
        "7": 1.0, 
        "8": 21.0, 
        "9": 11.0
      }, 
      "pat_search": {
        "1": 15.0, 
        "10": 1.0, 
        "11": 3.0, 
        "12": 0.0, 
        "13": 13.0, 
        "14": 0.0, 
        "15": 0.0, 
        "16": 19.0, 
        "17": 3.0, 
        "18": 0.0, 
        "19": 0.0, 
        "2": 7.0, 
        "20": 5.0, 
        "21": 18.0, 
        "22": 5.0, 
        "23": 0.0, 
        "24": 24.0, 
        "25": 1.84615, 
        "26": 0.615385, 
        "27": 1.75, 
        "28": 6.0, 
        "29": 0.0, 
        "3": 5.0, 
        "30": 7.0, 
        "31": 0.0, 
        "32": 6.0, 
        "33": 0.0, 
        "34": 2.0, 
        "35": 0.0, 
        "36": 0.0, 
        "37": 0.0, 
        "38": 0.0, 
        "39": 0.0, 
        "4": 0.0, 
        "40": 0.0, 
        "41": 2.0, 
        "42": 0.0, 
        "43": 0.0, 
        "44": 0.0, 
        "45": 0.0, 
        "46": 5.0, 
        "47": 2.0, 
        "48": 1.0, 
        "49": 1.0, 
        "5": 8.0, 
        "50": 59.0, 
        "51": 0.0, 
        "52": 14.0, 
        "53": 0.0, 
        "54": 4.0, 
        "55": 0.0, 
        "56": 0.0,