{
  "features": {
    "program_static_milepost_features": {
      "absVal": {
        "1": 5.0, 
        "10": 0.0, 
        "11": 0.0, 
        "12": 0.0, 
        "13": 3.0, 
        "14": 0.0, 
        "15": 0.0, 
        "16": 5.0, 
        "17": 1.0, 
        "18": 0.0, 
        "19": 0.0, 
        "2": 1.0, 
        "20": 1.0, 
        "21": 2.0, 
        "22": 0.0, 
        "23": 1.0, 
        "24": 4.0, 
        "25": 1.33333, 
        "26": 0.333333, 
        "27": 2.0, 
        "28": 1.0, 
        "29": 0.0, 
        "3": 1.0, 
        "30": 2.0, 
        "31": 1.0, 
        "32": 0.0, 
        "33": 0.0, 
        "34": 1.0, 
        "35": 0.0, 
        "36": 0.0, 
        "37": 0.0, 
        "38": 0.0, 
        "39": 0.0, 
        "4": 0.0, 
        "40": 0.0, 
        "41": 0.0, 
        "42": 0.0, 
        "43": 0.0, 
        "44": 0.0, 
        "45": 0.0, 
        "46": 1.0, 
        "47": 0.0, 
        "48": 0.0, 
        "49": 0.0, 
        "5": 2.0, 
        "50": 8.0, 
        "51": 0.0, 
        "52": 2.0, 
        "53": 0.0, 
        "54": 0.0, 
        "55": 0.0, 
        "56": 0.0, 
        "57": 2.0, 
        "58": 8.0, 
        "59": 3.0, 
        "6": 1.0, 
        "60": 2.0, 
        "61": 21.0, 
        "62": 8.0, 
        "63": 10.6667, 
        "64": 100.265, 
        "65": 1069.5, 
        "7": 0.0, 
        "8": 1.0, 
        "9": 1.0
      }, 
      "init_array": {
        "1": 9.0, 
        "10": 0.0, 
        "11": 2.0, 
        "12": 0.0, 
        "13": 6.0, 
        "14": 1.0, 
        "15": 0.0, 
        "16": 10.0, 
        "17": 0.0, 
        "18": 0.0, 
        "19": 0.0, 
        "2": 4.0, 
        "20": 2.0, 
        "21": 35.0, 
        "22": 5.0, 
        "23": 9.0, 
        "24": 38.0, 
        "25": 5.42857, 
        "26": 0.714286, 
        "27": 1.8, 
        "28": 3.0, 
        "29": 0.0, 
        "3": 2.0, 
        "30": 4.0, 
        "31": 0.0, 
        "32": 3.0, 
        "33": 0.0, 
        "34": 6.0, 
        "35": 3.0, 
        "36": 0.0, 
        "37": 0.0, 
        "38": 0.0, 
        "39": 0.0, 
        "4": 0.0, 
        "40": 0.0, 
        "41": 5.0, 
        "42": 0.0, 
        "43": 0.0, 
        "44": 0.0, 
        "45": 0.0, 
        "46": 3.0, 
        "47": 7.0, 
        "48": 2.0, 
        "49": 1.0, 
        "5": 5.0, 
        "50": 88.0, 
        "51": 0.0, 
        "52": 28.0, 
        "53": 0.0, 
        "54": 6.0, 
        "55": 0.0, 
        "56": 0.0, 
        "57": 3.0, 
        "58": 88.0, 
        "59": 29.0, 
        "6": 2.0, 
        "60": 82.0, 
        "61": 207.0, 
        "62": 13.0, 
        "63": 19.7241, 
        "64": 1589.81, 
        "65": 31357.6, 
        "7": 0.0, 
        "8": 4.0, 
        "9": 0.0
      }, 
      "kernel_adi": {
        "1": 36.0, 
        "10": 0.0, 
        "11": 11.0, 
        "12": 0.0, 
        "13": 30.0, 
        "14": 4.0, 
        "15": 0.0, 
        "16": 46.0, 
        "17": 0.0, 
        "18": 0.0, 
        "19": 0.0, 
        "2": 22.0, 
        "20": 11.0, 
        "21": 174.0, 
        "22": 38.0, 
        "23": 20.0, 
        "24": 186.0, 
        "25": 5.47059, 
        "26": 0.941176, 
        "27": 1.6875, 
        "28": 21.0, 
        "29": 0.0, 
        "3": 11.0, 
        "30": 13.0, 
        "31": 0.0, 
        "32": 21.0, 
        "33": 0.0, 
        "34": 8.0, 
        "35": 19.0, 
        "36": 0.0, 
        "37": 0.0, 
        "38": 0.0, 
        "39": 0.0, 
        "4": 0.0, 
        "40": 0.0, 
        "41": 32.0, 
        "42": 0.0, 
        "43": 0.0, 
        "44": 0.0, 
        "45": 0.0, 
        "46": 17.0, 
        "47": 41.0, 
        "48": 15.0, 
        "49": 12.0, 
        "5": 23.0, 
        "50": 460.0, 
        "51": 0.0, 
        "52": 84.0, 
        "53": 0.0, 
        "54": 14.0, 
        "55": 0.0, 
        "56": 0.0, 
        "57": 12.0, 
        "58": 460.0, 
        "59": 85.0, 
        "6": 11.0, 
        "60": 424.0, 
        "61": 1092.0, 
        "62": 12.0, 
        "63": 32.4706, 
        "64": 10237.1, 
        "65": 332405.0, 
        "7": 0.0, 
        "8": 22.0, 
        "9": 0.0
      }, 
      "main": {
        "1": 61.0, 
        "10": 2.0, 
        "11": 23.0, 
        "12": 0.0, 
        "13": 52.0, 
        "14": 5.0, 
        "15": 2.0, 
        "16": 85.0, 
        "17": 17.0, 
        "18": 0.0, 
        "19": 47.0, 
        "2": 33.0, 
        "20": 25.0, 
        "21": 2647.0, 
        "22": 54.0, 
        "23": 421.0, 
        "24": 2720.0, 
        "25": 46.1017, 
        "26": 1.77966, 
        "27": 1.90476, 
        "28": 17.0, 
        "29": 18.0, 
        "3": 25.0, 
        "30": 24.0, 
        "31": 0.0, 
        "32": 35.0, 
        "33": 0.0, 
        "34": 49.0, 
        "35": 49.0, 
        "36": 0.0, 
        "37": 0.0, 
        "38": 0.0, 
        "39": 0.0, 
        "4": 0.0, 
        "40": 15.0, 
        "41": 84.0, 
        "42": 0.0, 
        "43": 39.0, 
        "44": 5.0, 
        "45": 34.0, 
        "46": 66.0, 
        "47": 684.0, 
        "48": 48.0, 
        "49": 49.0, 
        "5": 34.0, 
        "50": 5682.0, 
        "51": 69.0, 
        "52": 106.0, 
        "53": 1.0, 
        "54": 29.0, 
        "55": 1.0, 
        "56": 0.0, 
        "57": 26.0, 
        "58": 5798.0, 
        "59": 119.0, 
        "6": 25.0, 
        "60": 5751.0, 
        "61": 13904.0, 
        "62": 18.0, 
        "63": 438.504, 
        "64": 139764.0, 
        "65": 61287200.0, 
        "7": 0.0, 
        "8": 31.0, 
        "9": 2.0
      }, 
      "percentDiff": {
        "1": 16.0, 
        "10": 1.0, 
        "11": 5.0, 
        "12": 0.0, 
        "13": 14.0, 
        "14": 0.0, 
        "15": 0.0, 
        "16": 22.0, 
        "17": 8.0, 
        "18": 0.0, 
        "19": 0.0, 
        "2": 6.0, 
        "20": 7.0, 
        "21": 22.0, 
        "22": 0.0, 
        "23": 11.0, 
        "24": 30.0, 
        "25": 2.14286, 
        "26": 0.428571, 
        "27": 2.0, 
        "28": 6.0, 
        "29": 0.0, 
        "3": 7.0, 
        "30": 8.0, 
        "31": 0.0, 
        "32": 6.0, 
        "33": 0.0, 
        "34": 11.0, 
        "35": 0.0, 
        "36": 0.0, 
        "37": 0.0, 
        "38": 0.0, 
        "39": 0.0, 
        "4": 0.0, 
        "40": 0.0, 
        "41": 0.0, 
        "42": 0.0, 
        "43": 0.0, 
        "44": 0.0, 
        "45": 0.0, 
        "46": 7.0, 
        "47": 0.0, 
        "48": 0.0, 
        "49": 0.0, 
        "5": 7.0, 
        "50": 65.0, 
        "51": 0.0, 
        "52": 19.0, 
        "53": 0.0, 
        "54": 0.0, 
        "55": 0.0, 
        "56": 0.0, 
        "57": 8.0, 
        "58": 65.0, 
        "59": 20.0, 
        "6": 7.0, 
        "60": 60.0, 
        "61": 151.0, 
        "62": 8.0, 
        "63": 13.0, 
        "64": 1037.79, 
        "65": 13491.2, 
        "7": 0.0, 
        "8": 5.0, 
        "9": 2.0
      }, 
      "print_array": {
        "1": 11.0, 
        "10": 1.0, 
        "11": 2.0, 
        "12": 0.0, 
        "13": 9.0, 
        "14": 0.0, 
        "15": 0.0, 
        "16": 13.0, 
        "17": 1.0, 
        "18": 0.0, 
        "19": 3.0, 
        "2": 5.0, 
        "20": 3.0, 
        "21": 16.0, 
        "22": 6.0, 
        "23": 0.0, 
        "24": 23.0, 
        "25": 2.55556, 
        "26": 1.66667, 
        "27": 1.93333, 
        "28": 1.0, 
        "29": 3.0, 
        "3": 3.0, 
        "30": 5.0, 
        "31": 0.0, 
        "32": 4.0, 
        "33": 0.0, 
        "34": 5.0, 
        "35": 1.0, 
        "36": 0.0, 
        "37": 0.0, 
        "38": 0.0, 
        "39": 0.0, 
        "4": 0.0, 
        "40": 0.0, 
        "41": 5.0, 
        "42": 0.0, 
        "43": 3.0, 
        "44": 0.0, 
        "45": 3.0, 
        "46": 4.0, 
        "47": 10.0, 
        "48": 2.0, 
        "49": 1.0, 
        "5": 6.0, 
        "50": 43.0, 
        "51": 9.0, 
        "52": 14.0, 
        "53": 1.0, 
        "54": 5.0, 
        "55": 1.0, 
        "56": 0.0, 
        "57": 4.0,