{
  "features": {
    "program_static_milepost_features": {
      "adpcm_coder": {
        "1": 31.0, 
        "10": 1.0, 
        "11": 9.0, 
        "12": 0.0, 
        "13": 29.0, 
        "14": 0.0, 
        "15": 0.0, 
        "16": 43.0, 
        "17": 10.0, 
        "18": 0.0, 
        "19": 0.0, 
        "2": 15.0, 
        "20": 13.0, 
        "21": 42.0, 
        "22": 21.0, 
        "23": 0.0, 
        "24": 56.0, 
        "25": 1.93103, 
        "26": 1.10345, 
        "27": 2.03125, 
        "28": 10.0, 
        "29": 2.0, 
        "3": 13.0, 
        "30": 17.0, 
        "31": 0.0, 
        "32": 12.0, 
        "33": 0.0, 
        "34": 9.0, 
        "35": 2.0, 
        "36": 1.0, 
        "37": 0.0, 
        "38": 0.0, 
        "39": 0.0, 
        "4": 0.0, 
        "40": 0.0, 
        "41": 12.0, 
        "42": 0.0, 
        "43": 0.0, 
        "44": 0.0, 
        "45": 0.0, 
        "46": 12.0, 
        "47": 29.0, 
        "48": 5.0, 
        "49": 2.0, 
        "5": 17.0, 
        "50": 150.0, 
        "51": 3.0, 
        "52": 27.0, 
        "53": 2.0, 
        "54": 5.0, 
        "55": 0.0, 
        "56": 0.0, 
        "57": 14.0, 
        "58": 157.0, 
        "59": 32.0, 
        "6": 11.0, 
        "60": 142.0, 
        "61": 398.0, 
        "62": 14.0, 
        "63": 34.3438, 
        "64": 3063.8, 
        "65": 105222.0, 
        "7": 1.0, 
        "8": 14.0, 
        "9": 3.0
      }, 
      "adpcm_decoder": {
        "1": 25.0, 
        "10": 0.0, 
        "11": 8.0, 
        "12": 0.0, 
        "13": 23.0, 
        "14": 0.0, 
        "15": 0.0, 
        "16": 34.0, 
        "17": 7.0, 
        "18": 0.0, 
        "19": 0.0, 
        "2": 12.0, 
        "20": 10.0, 
        "21": 36.0, 
        "22": 19.0, 
        "23": 0.0, 
        "24": 47.0, 
        "25": 2.04348, 
        "26": 0.913043, 
        "27": 2.04762, 
        "28": 8.0, 
        "29": 1.0, 
        "3": 10.0, 
        "30": 14.0, 
        "31": 0.0, 
        "32": 9.0, 
        "33": 0.0, 
        "34": 6.0, 
        "35": 2.0, 
        "36": 1.0, 
        "37": 0.0, 
        "38": 0.0, 
        "39": 0.0, 
        "4": 0.0, 
        "40": 0.0, 
        "41": 15.0, 
        "42": 0.0, 
        "43": 0.0, 
        "44": 0.0, 
        "45": 0.0, 
        "46": 11.0, 
        "47": 29.0, 
        "48": 3.0, 
        "49": 2.0, 
        "5": 14.0, 
        "50": 119.0, 
        "51": 3.0, 
        "52": 26.0, 
        "53": 2.0, 
        "54": 5.0, 
        "55": 0.0, 
        "56": 0.0, 
        "57": 11.0, 
        "58": 126.0, 
        "59": 31.0, 
        "6": 8.0, 
        "60": 111.0, 
        "61": 314.0, 
        "62": 14.0, 
        "63": 28.4516, 
        "64": 2415.01, 
        "65": 68711.0, 
        "7": 1.0, 
        "8": 11.0, 
        "9": 2.0
      }, 
      "main": {
        "1": 13.0, 
        "10": 1.0, 
        "11": 2.0, 
        "12": 0.0, 
        "13": 11.0, 
        "14": 0.0, 
        "15": 0.0, 
        "16": 15.0, 
        "17": 1.0, 
        "18": 0.0, 
        "19": 13.0, 
        "2": 5.0, 
        "20": 4.0, 
        "21": 5.0, 
        "22": 3.0, 
        "23": 0.0, 
        "24": 23.0, 
        "25": 2.09091, 
        "26": 1.36364, 
        "27": 1.93333, 
        "28": 1.0, 
        "29": 3.0, 
        "3": 4.0, 
        "30": 7.0, 
        "31": 0.0, 
        "32": 4.0, 
        "33": 0.0, 
        "34": 0.0, 
        "35": 0.0, 
        "36": 0.0, 
        "37": 0.0, 
        "38": 0.0, 
        "39": 0.0, 
        "4": 0.0, 
        "40": 0.0, 
        "41": 3.0, 
        "42": 0.0, 
        "43": 7.0, 
        "44": 2.0, 
        "45": 3.0, 
        "46": 14.0, 
        "47": 14.0, 
        "48": 5.0, 
        "49": 7.0, 
        "5": 8.0, 
        "50": 22.0, 
        "51": 50.0, 
        "52": 8.0, 
        "53": 3.0, 
        "54": 2.0, 
        "55": 0.0, 
        "56": 0.0, 
        "57": 5.0, 
        "58": 60.0, 
        "59": 24.0, 
        "6": 3.0, 
        "60": 47.0, 
        "61": 213.0, 
        "62": 16.0, 
        "63": 20.0, 
        "64": 1452.04, 
        "65": 29040.9, 
        "7": 0.0, 
        "8": 4.0, 
        "9": 2.0
      }
    }
  }
}
