{
  "features": {
    "program_static_milepost_features": {
      "BF_cbc_encrypt": {
        "1": 33.0, 
        "10": 16.0, 
        "11": 2.0, 
        "12": 0.0, 
        "13": 23.0, 
        "14": 8.0, 
        "15": 0.0, 
        "16": 53.0, 
        "17": 18.0, 
        "18": 0.0, 
        "19": 4.0, 
        "2": 23.0, 
        "20": 5.0, 
        "21": 433.0, 
        "22": 124.0, 
        "23": 0.0, 
        "24": 463.0, 
        "25": 14.9355, 
        "26": 2.3871, 
        "27": 2.06757, 
        "28": 9.0, 
        "29": 11.0, 
        "3": 5.0, 
        "30": 11.0, 
        "31": 0.0, 
        "32": 20.0, 
        "33": 2.0, 
        "34": 98.0, 
        "35": 80.0, 
        "36": 48.0, 
        "37": 0.0, 
        "38": 0.0, 
        "39": 0.0, 
        "4": 2.0, 
        "40": 2.0, 
        "41": 158.0, 
        "42": 0.0, 
        "43": 4.0, 
        "44": 0.0, 
        "45": 0.0, 
        "46": 28.0, 
        "47": 95.0, 
        "48": 75.0, 
        "49": 120.0, 
        "5": 11.0, 
        "50": 1020.0, 
        "51": 0.0, 
        "52": 56.0, 
        "53": 0.0, 
        "54": 4.0, 
        "55": 0.0, 
        "56": 0.0, 
        "57": 6.0, 
        "58": 1024.0, 
        "59": 58.0, 
        "6": 19.0, 
        "60": 689.0, 
        "61": 2523.0, 
        "62": 18.0, 
        "63": 158.897, 
        "64": 22148.5, 
        "65": 3519330.0, 
        "7": 1.0, 
        "8": 6.0, 
        "9": 3.0
      }, 
      "BF_cfb64_encrypt": {
        "1": 14.0, 
        "10": 2.0, 
        "11": 2.0, 
        "12": 0.0, 
        "13": 10.0, 
        "14": 2.0, 
        "15": 0.0, 
        "16": 18.0, 
        "17": 4.0, 
        "18": 0.0, 
        "19": 2.0, 
        "2": 6.0, 
        "20": 5.0, 
        "21": 169.0, 
        "22": 44.0, 
        "23": 0.0, 
        "24": 177.0, 
        "25": 14.75, 
        "26": 3.0, 
        "27": 1.77778, 
        "28": 0.0, 
        "29": 7.0, 
        "3": 5.0, 
        "30": 5.0, 
        "31": 0.0, 
        "32": 7.0, 
        "33": 0.0, 
        "34": 34.0, 
        "35": 20.0, 
        "36": 21.0, 
        "37": 0.0, 
        "38": 0.0, 
        "39": 0.0, 
        "4": 0.0, 
        "40": 2.0, 
        "41": 48.0, 
        "42": 0.0, 
        "43": 2.0, 
        "44": 0.0, 
        "45": 0.0, 
        "46": 12.0, 
        "47": 43.0, 
        "48": 27.0, 
        "49": 24.0, 
        "5": 7.0, 
        "50": 397.0, 
        "51": 0.0, 
        "52": 34.0, 
        "53": 0.0, 
        "54": 7.0, 
        "55": 0.0, 
        "56": 0.0, 
        "57": 6.0, 
        "58": 399.0, 
        "59": 36.0, 
        "6": 5.0, 
        "60": 358.0, 
        "61": 980.0, 
        "62": 16.0, 
        "63": 88.6667, 
        "64": 7856.34, 
        "65": 696596.0, 
        "7": 0.0, 
        "8": 4.0, 
        "9": 3.0
      }, 
      "BF_ecb_encrypt": {
        "1": 3.0, 
        "10": 0.0, 
        "11": 0.0, 
        "12": 0.0, 
        "13": 0.0, 
        "14": 1.0, 
        "15": 0.0, 
        "16": 2.0, 
        "17": 0.0, 
        "18": 0.0, 
        "19": 1.0, 
        "2": 0.0, 
        "20": 0.0, 
        "21": 71.0, 
        "22": 18.0, 
        "23": 0.0, 
        "24": 73.0, 
        "25": 73.0, 
        "26": 0.0, 
        "27": 0.0, 
        "28": 0.0, 
        "29": 0.0, 
        "3": 0.0, 
        "30": 1.0, 
        "31": 0.0, 
        "32": 0.0, 
        "33": 0.0, 
        "34": 16.0, 
        "35": 14.0, 
        "36": 8.0, 
        "37": 0.0, 
        "38": 0.0, 
        "39": 0.0, 
        "4": 0.0, 
        "40": 2.0, 
        "41": 26.0, 
        "42": 0.0, 
        "43": 1.0, 
        "44": 0.0, 
        "45": 0.0, 
        "46": 5.0, 
        "47": 18.0, 
        "48": 17.0, 
        "49": 16.0, 
        "5": 1.0, 
        "50": 149.0, 
        "51": 0.0, 
        "52": 18.0, 
        "53": 0.0, 
        "54": 3.0, 
        "55": 0.0, 
        "56": 0.0, 
        "57": 1.0, 
        "58": 150.0, 
        "59": 20.0, 
        "6": 0.0, 
        "60": 103.0, 
        "61": 364.0, 
        "62": 15.0, 
        "63": 56.25, 
        "64": 2634.92, 
        "65": 148214.0, 
        "7": 0.0, 
        "8": 0.0, 
        "9": 0.0
      }, 
      "BF_encrypt": {
        "1": 6.0, 
        "10": 0.0, 
        "11": 0.0, 
        "12": 0.0, 
        "13": 2.0, 
        "14": 2.0, 
        "15": 0.0, 
        "16": 6.0, 
        "17": 0.0, 
        "18": 0.0, 
        "19": 0.0, 
        "2": 2.0, 
        "20": 1.0, 
        "21": 691.0, 
        "22": 486.0, 
        "23": 0.0, 
        "24": 693.0, 
        "25": 173.25, 
        "26": 0.5, 
        "27": 2.0, 
        "28": 1.0, 
        "29": 0.0, 
        "3": 1.0, 
        "30": 3.0, 
        "31": 0.0, 
        "32": 1.0, 
        "33": 0.0, 
        "34": 0.0, 
        "35": 35.0, 
        "36": 36.0, 
        "37": 1.0, 
        "38": 0.0, 
        "39": 0.0, 
        "4": 0.0, 
        "40": 0.0, 
        "41": 357.0, 
        "42": 0.0, 
        "43": 0.0, 
        "44": 0.0, 
        "45": 0.0, 
        "46": 4.0, 
        "47": 97.0, 
        "48": 0.0, 
        "49": 264.0, 
        "5": 3.0, 
        "50": 1679.0, 
        "51": 0.0, 
        "52": 78.0, 
        "53": 0.0, 
        "54": 21.0, 
        "55": 0.0, 
        "56": 0.0, 
        "57": 2.0, 
        "58": 1810.0, 
        "59": 81.0, 
        "6": 1.0, 
        "60": 1544.0, 
        "61": 4292.0, 
        "62": 14.0, 
        "63": 156.42, 
        "64": 40066.0, 
        "65": 6267110.0, 
        "7": 0.0, 
        "8": 2.0, 
        "9": 1.0
      }, 
      "BF_ofb64_encrypt": {
        "1": 10.0, 
        "10": 1.0, 
        "11": 1.0, 
        "12": 0.0, 
        "13": 5.0, 
        "14": 3.0, 
        "15": 0.0, 
        "16": 12.0, 
        "17": 2.0, 
        "18": 0.0, 
        "19": 1.0, 
        "2": 4.0, 
        "20": 3.0, 
        "21": 145.0, 
        "22": 35.0, 
        "23": 0.0, 
        "24": 150.0, 
        "25": 18.75, 
        "26": 2.5, 
        "27": 2.0, 
        "28": 0.0, 
        "29": 3.0, 
        "3": 3.0, 
        "30": 5.0, 
        "31": 0.0, 
        "32": 3.0, 
        "33": 0.0, 
        "34": 33.0, 
        "35": 16.0, 
        "36": 10.0, 
        "37": 0.0, 
        "38": 0.0, 
        "39": 0.0, 
        "4": 0.0, 
        "40": 2.0, 
        "41": 44.0, 
        "42": 0.0, 
        "43": 1.0, 
        "44": 0.0, 
        "45": 0.0, 
        "46": 10.0, 
        "47": 39.0, 
        "48": 23.0, 
        "49": 20.0, 
        "5": 5.0, 
        "50": 324.0, 
        "51": 0.0, 
        "52": 54.0, 
        "53": 0.0, 
        "54": 7.0, 
        "55": 0.0, 
        "56": 0.0, 
        "57": 4.0, 
        "58": 325.0, 
        "59": 56.0, 
        "6": 3.0, 
        "60": 307.0, 
        "61": 796.0, 
        "62": 16.0, 
        "63": 46.4286, 
        "64": 6912.47, 
        "65": 320936.0, 
        "7": 0.0, 
        "8": 3.0, 
        "9": 2.0
      }, 
      "BF_options": {
        "1": 3.0, 
        "10": 0.0, 
        "11": 0.0, 
        "12": 0.0, 
        "13": 1.0, 
        "14": 0.0, 
        "15": 0.0, 
        "16": 2.0, 
        "17": 0.0, 
        "18": 0.0, 
        "19": 0.0, 
        "2": 0.0, 
        "20": 0.0, 
        "21": 0.0, 
        "22": 0.0, 
        "23": 0.0, 
        "24": 1.0, 
        "25": 1.0, 
        "26": 0.0, 
        "27": 0.0, 
        "28": 0.0, 
        "29": 0.0, 
        "3": 0.0, 
        "30": 1.0, 
        "31": 0.0, 
        "32": 0.0, 
        "33": 0.0, 
        "34": 0.0, 
        "35": 0.0, 
        "36": 0.0, 
        "37": 0.0, 
        "38": 0.0, 
        "39": 0.0, 
        "4": 0.0, 
        "40": 0.0, 
        "41": 0.0, 
        "42": 0.0, 
        "43": 0.0, 
        "44": 0.0, 
        "45": 0.0, 
        "46": 1.0, 
        "47": 0.0, 
        "48": 0.0, 
        "49": 1.0, 
        "5": 1.0, 
        "50": 0.0, 
        "51": 0.0, 
        "52": 0.0, 
        "53": 0.0, 
        "54": 0.0, 
        "55": 0.0, 
        "56": 0.0, 
        "57": 1.0,