{
  "features": {
    "program_static_milepost_features": {
      "crc32buf": {
        "1": 6.0, 
        "10": 0.0, 
        "11": 1.0, 
        "12": 0.0, 
        "13": 4.0, 
        "14": 0.0, 
        "15": 0.0, 
        "16": 6.0, 
        "17": 0.0, 
        "18": 0.0, 
        "19": 0.0, 
        "2": 2.0, 
        "20": 1.0, 
        "21": 11.0, 
        "22": 5.0, 
        "23": 0.0, 
        "24": 13.0, 
        "25": 3.25, 
        "26": 0.75, 
        "27": 2.0, 
        "28": 1.0, 
        "29": 0.0, 
        "3": 1.0, 
        "30": 3.0, 
        "31": 0.0, 
        "32": 1.0, 
        "33": 0.0, 
        "34": 3.0, 
        "35": 1.0, 
        "36": 1.0, 
        "37": 0.0, 
        "38": 0.0, 
        "39": 0.0, 
        "4": 0.0, 
        "40": 0.0, 
        "41": 4.0, 
        "42": 0.0, 
        "43": 0.0, 
        "44": 0.0, 
        "45": 0.0, 
        "46": 1.0, 
        "47": 1.0, 
        "48": 1.0, 
        "49": 5.0, 
        "5": 3.0, 
        "50": 31.0, 
        "51": 1.0, 
        "52": 11.0, 
        "53": 1.0, 
        "54": 1.0, 
        "55": 0.0, 
        "56": 0.0, 
        "57": 2.0, 
        "58": 32.0, 
        "59": 13.0, 
        "6": 1.0, 
        "60": 22.0, 
        "61": 81.0, 
        "62": 10.0, 
        "63": 12.3077, 
        "64": 510.866, 
        "65": 6287.58, 
        "7": 0.0, 
        "8": 2.0, 
        "9": 0.0
      }, 
      "crc32file": {
        "1": 11.0, 
        "10": 1.0, 
        "11": 1.0, 
        "12": 0.0, 
        "13": 9.0, 
        "14": 0.0, 
        "15": 0.0, 
        "16": 13.0, 
        "17": 1.0, 
        "18": 0.0, 
        "19": 6.0, 
        "2": 5.0, 
        "20": 3.0, 
        "21": 16.0, 
        "22": 5.0, 
        "23": 0.0, 
        "24": 26.0, 
        "25": 2.88889, 
        "26": 1.22222, 
        "27": 1.90909, 
        "28": 2.0, 
        "29": 2.0, 
        "3": 3.0, 
        "30": 5.0, 
        "31": 0.0, 
        "32": 4.0, 
        "33": 0.0, 
        "34": 5.0, 
        "35": 0.0, 
        "36": 1.0, 
        "37": 0.0, 
        "38": 0.0, 
        "39": 0.0, 
        "4": 0.0, 
        "40": 2.0, 
        "41": 3.0, 
        "42": 0.0, 
        "43": 6.0, 
        "44": 1.0, 
        "45": 3.0, 
        "46": 4.0, 
        "47": 3.0, 
        "48": 1.0, 
        "49": 6.0, 
        "5": 6.0, 
        "50": 46.0, 
        "51": 5.0, 
        "52": 18.0, 
        "53": 1.0, 
        "54": 6.0, 
        "55": 0.0, 
        "56": 0.0, 
        "57": 4.0, 
        "58": 57.0, 
        "59": 25.0, 
        "6": 3.0, 
        "60": 43.0, 
        "61": 191.0, 
        "62": 18.0, 
        "63": 20.52, 
        "64": 1344.93, 
        "65": 27598.0, 
        "7": 0.0, 
        "8": 4.0, 
        "9": 2.0
      }, 
      "main": {
        "1": 8.0, 
        "10": 1.0, 
        "11": 1.0, 
        "12": 0.0, 
        "13": 6.0, 
        "14": 0.0, 
        "15": 0.0, 
        "16": 9.0, 
        "17": 1.0, 
        "18": 0.0, 
        "19": 9.0, 
        "2": 3.0, 
        "20": 2.0, 
        "21": 1.0, 
        "22": 1.0, 
        "23": 0.0, 
        "24": 13.0, 
        "25": 2.16667, 
        "26": 1.33333, 
        "27": 2.0, 
        "28": 1.0, 
        "29": 1.0, 
        "3": 2.0, 
        "30": 4.0, 
        "31": 0.0, 
        "32": 2.0, 
        "33": 0.0, 
        "34": 0.0, 
        "35": 0.0, 
        "36": 0.0, 
        "37": 0.0, 
        "38": 0.0, 
        "39": 0.0, 
        "4": 0.0, 
        "40": 0.0, 
        "41": 1.0, 
        "42": 0.0, 
        "43": 4.0, 
        "44": 2.0, 
        "45": 2.0, 
        "46": 10.0, 
        "47": 8.0, 
        "48": 4.0, 
        "49": 5.0, 
        "5": 4.0, 
        "50": 17.0, 
        "51": 0.0, 
        "52": 8.0, 
        "53": 0.0, 
        "54": 3.0, 
        "55": 0.0, 
        "56": 0.0, 
        "57": 3.0, 
        "58": 26.0, 
        "59": 17.0, 
        "6": 2.0, 
        "60": 15.0, 
        "61": 121.0, 
        "62": 15.0, 
        "63": 11.4706, 
        "64": 734.573, 
        "65": 8425.99, 
        "7": 0.0, 
        "8": 2.0, 
        "9": 1.0
      }, 
      "main1": {
        "1": 8.0, 
        "10": 1.0, 
        "11": 1.0, 
        "12": 0.0, 
        "13": 6.0, 
        "14": 0.0, 
        "15": 0.0, 
        "16": 9.0, 
        "17": 1.0, 
        "18": 0.0, 
        "19": 2.0, 
        "2": 3.0, 
        "20": 2.0, 
        "21": 9.0, 
        "22": 2.0, 
        "23": 0.0, 
        "24": 14.0, 
        "25": 2.33333, 
        "26": 2.33333, 
        "27": 2.0, 
        "28": 0.0, 
        "29": 2.0, 
        "3": 2.0, 
        "30": 4.0, 
        "31": 0.0, 
        "32": 2.0, 
        "33": 0.0, 
        "34": 1.0, 
        "35": 1.0, 
        "36": 2.0, 
        "37": 0.0, 
        "38": 0.0, 
        "39": 0.0, 
        "4": 0.0, 
        "40": 0.0, 
        "41": 3.0, 
        "42": 0.0, 
        "43": 2.0, 
        "44": 0.0, 
        "45": 1.0, 
        "46": 4.0, 
        "47": 5.0, 
        "48": 0.0, 
        "49": 1.0, 
        "5": 4.0, 
        "50": 48.0, 
        "51": 0.0, 
        "52": 12.0, 
        "53": 0.0, 
        "54": 3.0, 
        "55": 0.0, 
        "56": 0.0, 
        "57": 3.0, 
        "58": 50.0, 
        "59": 15.0, 
        "6": 2.0, 
        "60": 32.0, 
        "61": 146.0, 
        "62": 15.0, 
        "63": 25.0, 
        "64": 961.192, 
        "65": 24029.8, 
        "7": 0.0, 
        "8": 2.0, 
        "9": 1.0
      }, 
      "updateCRC32": {
        "1": 3.0, 
        "10": 0.0, 
        "11": 0.0, 
        "12": 0.0, 
        "13": 1.0, 
        "14": 0.0, 
        "15": 0.0, 
        "16": 2.0, 
        "17": 0.0, 
        "18": 0.0, 
        "19": 0.0, 
        "2": 0.0, 
        "20": 0.0, 
        "21": 6.0, 
        "22": 4.0, 
        "23": 0.0, 
        "24": 7.0, 
        "25": 7.0, 
        "26": 0.0, 
        "27": 0.0, 
        "28": 0.0, 
        "29": 0.0, 
        "3": 0.0, 
        "30": 1.0, 
        "31": 0.0, 
        "32": 0.0, 
        "33": 0.0, 
        "34": 1.0, 
        "35": 0.0, 
        "36": 0.0, 
        "37": 0.0, 
        "38": 0.0, 
        "39": 0.0, 
        "4": 0.0, 
        "40": 0.0, 
        "41": 2.0, 
        "42": 0.0, 
        "43": 0.0, 
        "44": 0.0, 
        "45": 0.0, 
        "46": 0.0, 
        "47": 1.0, 
        "48": 0.0, 
        "49": 1.0, 
        "5": 1.0, 
        "50": 15.0, 
        "51": 1.0, 
        "52": 8.0, 
        "53": 1.0, 
        "54": 0.0, 
        "55": 0.0, 
        "56": 0.0, 
        "57": 1.0, 
        "58": 16.0, 
        "59": 10.0, 
        "6": 0.0, 
        "60": 13.0, 
        "61": 40.0, 
        "62": 8.0, 
        "63": 6.4, 
        "64": 233.38, 
        "65": 1493.63, 
        "7": 0.0, 
        "8": 0.0, 
        "9": 0.0
      }
    }
  }
}
