{
  "features": {
    "program_static_milepost_features": {
      "astex_codelet__4": {
        "1": 23.0, 
        "10": 4.0, 
        "11": 4.0, 
        "12": 0.0, 
        "13": 19.0, 
        "14": 2.0, 
        "15": 0.0, 
        "16": 34.0, 
        "17": 10.0, 
        "18": 0.0, 
        "19": 0.0, 
        "2": 12.0, 
        "20": 7.0, 
        "21": 117.0, 
        "22": 18.0, 
        "23": 0.0, 
        "24": 134.0, 
        "25": 6.38095, 
        "26": 1.47619, 
        "27": 1.93548, 
        "28": 8.0, 
        "29": 2.0, 
        "3": 7.0, 
        "30": 11.0, 
        "31": 0.0, 
        "32": 10.0, 
        "33": 1.0, 
        "34": 41.0, 
        "35": 22.0, 
        "36": 24.0, 
        "37": 0.0, 
        "38": 0.0, 
        "39": 0.0, 
        "4": 1.0, 
        "40": 0.0, 
        "41": 21.0, 
        "42": 0.0, 
        "43": 0.0, 
        "44": 0.0, 
        "45": 0.0, 
        "46": 5.0, 
        "47": 15.0, 
        "48": 10.0, 
        "49": 17.0, 
        "5": 11.0, 
        "50": 304.0, 
        "51": 0.0, 
        "52": 36.0, 
        "53": 0.0, 
        "54": 5.0, 
        "55": 0.0, 
        "56": 0.0, 
        "57": 8.0, 
        "58": 304.0, 
        "59": 37.0, 
        "6": 9.0, 
        "60": 214.0, 
        "61": 742.0, 
        "62": 12.0, 
        "63": 49.2973, 
        "64": 5869.58, 
        "65": 289354.0, 
        "7": 1.0, 
        "8": 8.0, 
        "9": 3.0
      }, 
      "main": {
        "1": 10.0, 
        "10": 1.0, 
        "11": 2.0, 
        "12": 0.0, 
        "13": 8.0, 
        "14": 0.0, 
        "15": 0.0, 
        "16": 12.0, 
        "17": 2.0, 
        "18": 0.0, 
        "19": 10.0, 
        "2": 4.0, 
        "20": 3.0, 
        "21": 7.0, 
        "22": 1.0, 
        "23": 0.0, 
        "24": 21.0, 
        "25": 2.625, 
        "26": 0.75, 
        "27": 2.0, 
        "28": 3.0, 
        "29": 0.0, 
        "3": 3.0, 
        "30": 5.0, 
        "31": 0.0, 
        "32": 3.0, 
        "33": 0.0, 
        "34": 1.0, 
        "35": 1.0, 
        "36": 3.0, 
        "37": 0.0, 
        "38": 0.0, 
        "39": 0.0, 
        "4": 0.0, 
        "40": 0.0, 
        "41": 2.0, 
        "42": 0.0, 
        "43": 8.0, 
        "44": 3.0, 
        "45": 3.0, 
        "46": 8.0, 
        "47": 9.0, 
        "48": 3.0, 
        "49": 8.0, 
        "5": 5.0, 
        "50": 33.0, 
        "51": 0.0, 
        "52": 11.0, 
        "53": 0.0, 
        "54": 8.0, 
        "55": 0.0, 
        "56": 0.0, 
        "57": 4.0, 
        "58": 43.0, 
        "59": 22.0, 
        "6": 3.0, 
        "60": 30.0, 
        "61": 187.0, 
        "62": 17.0, 
        "63": 16.6136, 
        "64": 1214.94, 
        "65": 20184.5, 
        "7": 0.0, 
        "8": 3.0, 
        "9": 1.0
      }
    }
  }
}
