{
  "features": {
    "program_static_milepost_features": {
      "absVal": {
        "1": 5.0, 
        "10": 0.0, 
        "11": 0.0, 
        "12": 0.0, 
        "13": 3.0, 
        "14": 0.0, 
        "15": 0.0, 
        "16": 5.0, 
        "17": 1.0, 
        "18": 0.0, 
        "19": 0.0, 
        "2": 1.0, 
        "20": 1.0, 
        "21": 2.0, 
        "22": 0.0, 
        "23": 1.0, 
        "24": 4.0, 
        "25": 1.33333, 
        "26": 0.333333, 
        "27": 2.0, 
        "28": 1.0, 
        "29": 0.0, 
        "3": 1.0, 
        "30": 2.0, 
        "31": 1.0, 
        "32": 0.0, 
        "33": 0.0, 
        "34": 1.0, 
        "35": 0.0, 
        "36": 0.0, 
        "37": 0.0, 
        "38": 0.0, 
        "39": 0.0, 
        "4": 0.0, 
        "40": 0.0, 
        "41": 0.0, 
        "42": 0.0, 
        "43": 0.0, 
        "44": 0.0, 
        "45": 0.0, 
        "46": 1.0, 
        "47": 0.0, 
        "48": 0.0, 
        "49": 0.0, 
        "5": 2.0, 
        "50": 8.0, 
        "51": 0.0, 
        "52": 2.0, 
        "53": 0.0, 
        "54": 0.0, 
        "55": 0.0, 
        "56": 0.0, 
        "57": 2.0, 
        "58": 8.0, 
        "59": 3.0, 
        "6": 1.0, 
        "60": 2.0, 
        "61": 21.0, 
        "62": 8.0, 
        "63": 10.6667, 
        "64": 100.265, 
        "65": 1069.5, 
        "7": 0.0, 
        "8": 1.0, 
        "9": 1.0
      }, 
      "main": {
        "1": 43.0, 
        "10": 2.0, 
        "11": 12.0, 
        "12": 0.0, 
        "13": 40.0, 
        "14": 1.0, 
        "15": 0.0, 
        "16": 56.0, 
        "17": 2.0, 
        "18": 0.0, 
        "19": 17.0, 
        "2": 26.0, 
        "20": 14.0, 
        "21": 84.0, 
        "22": 21.0, 
        "23": 10.0, 
        "24": 116.0, 
        "25": 2.82927, 
        "26": 1.36585, 
        "27": 1.875, 
        "28": 17.0, 
        "29": 4.0, 
        "3": 14.0, 
        "30": 20.0, 
        "31": 0.0, 
        "32": 21.0, 
        "33": 0.0, 
        "34": 22.0, 
        "35": 7.0, 
        "36": 0.0, 
        "37": 0.0, 
        "38": 0.0, 
        "39": 0.0, 
        "4": 0.0, 
        "40": 0.0, 
        "41": 20.0, 
        "42": 0.0, 
        "43": 9.0, 
        "44": 5.0, 
        "45": 4.0, 
        "46": 28.0, 
        "47": 54.0, 
        "48": 14.0, 
        "49": 14.0, 
        "5": 27.0, 
        "50": 228.0, 
        "51": 11.0, 
        "52": 55.0, 
        "53": 1.0, 
        "54": 21.0, 
        "55": 1.0, 
        "56": 0.0, 
        "57": 15.0, 
        "58": 256.0, 
        "59": 68.0, 
        "6": 14.0, 
        "60": 239.0, 
        "61": 803.0, 
        "62": 18.0, 
        "63": 33.8824, 
        "64": 6801.46, 
        "65": 230450.0, 
        "7": 0.0, 
        "8": 24.0, 
        "9": 2.0
      }, 
      "percentDiff": {
        "1": 16.0, 
        "10": 1.0, 
        "11": 5.0, 
        "12": 0.0, 
        "13": 14.0, 
        "14": 0.0, 
        "15": 0.0, 
        "16": 22.0, 
        "17": 8.0, 
        "18": 0.0, 
        "19": 0.0, 
        "2": 6.0, 
        "20": 7.0, 
        "21": 22.0, 
        "22": 0.0, 
        "23": 11.0, 
        "24": 30.0, 
        "25": 2.14286, 
        "26": 0.428571, 
        "27": 2.0, 
        "28": 6.0, 
        "29": 0.0, 
        "3": 7.0, 
        "30": 8.0, 
        "31": 0.0, 
        "32": 6.0, 
        "33": 0.0, 
        "34": 11.0, 
        "35": 0.0, 
        "36": 0.0, 
        "37": 0.0, 
        "38": 0.0, 
        "39": 0.0, 
        "4": 0.0, 
        "40": 0.0, 
        "41": 0.0, 
        "42": 0.0, 
        "43": 0.0, 
        "44": 0.0, 
        "45": 0.0, 
        "46": 7.0, 
        "47": 0.0, 
        "48": 0.0, 
        "49": 0.0, 
        "5": 7.0, 
        "50": 65.0, 
        "51": 0.0, 
        "52": 19.0, 
        "53": 0.0, 
        "54": 0.0, 
        "55": 0.0, 
        "56": 0.0, 
        "57": 8.0, 
        "58": 65.0, 
        "59": 20.0, 
        "6": 7.0, 
        "60": 60.0, 
        "61": 151.0, 
        "62": 8.0, 
        "63": 13.0, 
        "64": 1037.79, 
        "65": 13491.2, 
        "7": 0.0, 
        "8": 5.0, 
        "9": 2.0
      }
    }
  }
}
