{
  "features": {
    "program_static_milepost_features": {
      "astex_codelet__5": {
        "1": 25.0, 
        "10": 0.0, 
        "11": 7.0, 
        "12": 0.0, 
        "13": 18.0, 
        "14": 5.0, 
        "15": 0.0, 
        "16": 34.0, 
        "17": 4.0, 
        "18": 0.0, 
        "19": 0.0, 
        "2": 14.0, 
        "20": 7.0, 
        "21": 175.0, 
        "22": 64.0, 
        "23": 0.0, 
        "24": 189.0, 
        "25": 8.21739, 
        "26": 0.913043, 
        "27": 1.66667, 
        "28": 14.0, 
        "29": 0.0, 
        "3": 7.0, 
        "30": 9.0, 
        "31": 0.0, 
        "32": 14.0, 
        "33": 1.0, 
        "34": 52.0, 
        "35": 18.0, 
        "36": 16.0, 
        "37": 0.0, 
        "38": 0.0, 
        "39": 0.0, 
        "4": 1.0, 
        "40": 2.0, 
        "41": 56.0, 
        "42": 0.0, 
        "43": 0.0, 
        "44": 0.0, 
        "45": 0.0, 
        "46": 9.0, 
        "47": 54.0, 
        "48": 8.0, 
        "49": 28.0, 
        "5": 15.0, 
        "50": 389.0, 
        "51": 0.0, 
        "52": 94.0, 
        "53": 0.0, 
        "54": 13.0, 
        "55": 0.0, 
        "56": 0.0, 
        "57": 8.0, 
        "58": 389.0, 
        "59": 95.0, 
        "6": 7.0, 
        "60": 370.0, 
        "61": 937.0, 
        "62": 12.0, 
        "63": 24.5684, 
        "64": 8934.0, 
        "65": 219494.0, 
        "7": 1.0, 
        "8": 14.0, 
        "9": 0.0
      }, 
      "main": {
        "1": 10.0, 
        "10": 1.0, 
        "11": 2.0, 
        "12": 0.0, 
        "13": 7.0, 
        "14": 1.0, 
        "15": 0.0, 
        "16": 12.0, 
        "17": 2.0, 
        "18": 0.0, 
        "19": 16.0, 
        "2": 4.0, 
        "20": 3.0, 
        "21": 16.0, 
        "22": 1.0, 
        "23": 0.0, 
        "24": 36.0, 
        "25": 4.5, 
        "26": 1.0, 
        "27": 2.0, 
        "28": 2.0, 
        "29": 1.0, 
        "3": 3.0, 
        "30": 5.0, 
        "31": 0.0, 
        "32": 3.0, 
        "33": 0.0, 
        "34": 6.0, 
        "35": 1.0, 
        "36": 5.0, 
        "37": 0.0, 
        "38": 0.0, 
        "39": 0.0, 
        "4": 0.0, 
        "40": 0.0, 
        "41": 2.0, 
        "42": 0.0, 
        "43": 12.0, 
        "44": 5.0, 
        "45": 5.0, 
        "46": 10.0, 
        "47": 8.0, 
        "48": 3.0, 
        "49": 14.0, 
        "5": 5.0, 
        "50": 61.0, 
        "51": 0.0, 
        "52": 18.0, 
        "53": 0.0, 
        "54": 15.0, 
        "55": 0.0, 
        "56": 0.0, 
        "57": 4.0, 
        "58": 77.0, 
        "59": 29.0, 
        "6": 3.0, 
        "60": 58.0, 
        "61": 289.0, 
        "62": 17.0, 
        "63": 22.569, 
        "64": 2020.45, 
        "65": 45599.5, 
        "7": 0.0, 
        "8": 3.0, 
        "9": 1.0
      }
    }
  }
}
