{
  "features": {
    "program_static_milepost_features": {
      "MAIN__": {
        "1": 9.0, 
        "10": 0.0, 
        "11": 2.0, 
        "12": 0.0, 
        "13": 4.0, 
        "14": 3.0, 
        "15": 0.0, 
        "16": 11.0, 
        "17": 3.0, 
        "18": 0.0, 
        "19": 37.0, 
        "2": 3.0, 
        "20": 3.0, 
        "21": 50.0, 
        "22": 1.0, 
        "23": 0.0, 
        "24": 91.0, 
        "25": 13.0, 
        "26": 4.14286, 
        "27": 1.96552, 
        "28": 2.0, 
        "29": 2.0, 
        "3": 3.0, 
        "30": 3.0, 
        "31": 0.0, 
        "32": 4.0, 
        "33": 0.0, 
        "34": 1.0, 
        "35": 0.0, 
        "36": 0.0, 
        "37": 12.0, 
        "38": 0.0, 
        "39": 0.0, 
        "4": 0.0, 
        "40": 34.0, 
        "41": 1.0, 
        "42": 0.0, 
        "43": 35.0, 
        "44": 1.0, 
        "45": 10.0, 
        "46": 5.0, 
        "47": 74.0, 
        "48": 29.0, 
        "49": 4.0, 
        "5": 4.0, 
        "50": 146.0, 
        "51": 11.0, 
        "52": 15.0, 
        "53": 2.0, 
        "54": 0.0, 
        "55": 0.0, 
        "56": 0.0, 
        "57": 4.0, 
        "58": 275.0, 
        "59": 41.0, 
        "6": 3.0, 
        "60": 152.0, 
        "61": 725.0, 
        "62": 17.0, 
        "63": 57.0122, 
        "64": 5854.58, 
        "65": 333783.0, 
        "7": 0.0, 
        "8": 3.0, 
        "9": 1.0
      }, 
      "matmul_": {
        "1": 12.0, 
        "10": 2.0, 
        "11": 1.0, 
        "12": 0.0, 
        "13": 9.0, 
        "14": 1.0, 
        "15": 0.0, 
        "16": 14.0, 
        "17": 0.0, 
        "18": 0.0, 
        "19": 0.0, 
        "2": 6.0, 
        "20": 3.0, 
        "21": 24.0, 
        "22": 11.0, 
        "23": 2.0, 
        "24": 28.0, 
        "25": 2.8, 
        "26": 0.6, 
        "27": 2.0, 
        "28": 3.0, 
        "29": 0.0, 
        "3": 3.0, 
        "30": 7.0, 
        "31": 0.0, 
        "32": 3.0, 
        "33": 0.0, 
        "34": 3.0, 
        "35": 0.0, 
        "36": 0.0, 
        "37": 0.0, 
        "38": 0.0, 
        "39": 0.0, 
        "4": 0.0, 
        "40": 0.0, 
        "41": 8.0, 
        "42": 0.0, 
        "43": 0.0, 
        "44": 0.0, 
        "45": 0.0, 
        "46": 0.0, 
        "47": 9.0, 
        "48": 6.0, 
        "49": 5.0, 
        "5": 7.0, 
        "50": 59.0, 
        "51": 20.0, 
        "52": 19.0, 
        "53": 1.0, 
        "54": 0.0, 
        "55": 0.0, 
        "56": 0.0, 
        "57": 4.0, 
        "58": 73.0, 
        "59": 24.0, 
        "6": 3.0, 
        "60": 69.0, 
        "61": 168.0, 
        "62": 11.0, 
        "63": 16.7292, 
        "64": 1235.44, 
        "65": 20667.9, 
        "7": 0.0, 
        "8": 4.0, 
        "9": 2.0
      }, 
      "prep_": {
        "1": 9.0, 
        "10": 1.0, 
        "11": 1.0, 
        "12": 0.0, 
        "13": 6.0, 
        "14": 1.0, 
        "15": 0.0, 
        "16": 10.0, 
        "17": 0.0, 
        "18": 0.0, 
        "19": 3.0, 
        "2": 4.0, 
        "20": 2.0, 
        "21": 25.0, 
        "22": 6.0, 
        "23": 3.0, 
        "24": 31.0, 
        "25": 4.42857, 
        "26": 0.571429, 
        "27": 2.0, 
        "28": 2.0, 
        "29": 0.0, 
        "3": 2.0, 
        "30": 5.0, 
        "31": 0.0, 
        "32": 2.0, 
        "33": 0.0, 
        "34": 3.0, 
        "35": 0.0, 
        "36": 0.0, 
        "37": 0.0, 
        "38": 0.0, 
        "39": 0.0, 
        "4": 0.0, 
        "40": 0.0, 
        "41": 4.0, 
        "42": 0.0, 
        "43": 0.0, 
        "44": 0.0, 
        "45": 0.0, 
        "46": 0.0, 
        "47": 6.0, 
        "48": 4.0, 
        "49": 2.0, 
        "5": 5.0, 
        "50": 62.0, 
        "51": 14.0, 
        "52": 15.0, 
        "53": 1.0, 
        "54": 0.0, 
        "55": 0.0, 
        "56": 0.0, 
        "57": 3.0, 
        "58": 75.0, 
        "59": 21.0, 
        "6": 2.0, 
        "60": 69.0, 
        "61": 174.0, 
        "62": 16.0, 
        "63": 28.5714, 
        "64": 1296.4, 
        "65": 37040.0, 
        "7": 0.0, 
        "8": 3.0, 
        "9": 1.0
      }
    }
  }
}
