{
  "features": {
    "program_static_milepost_features": {
      "decfile": {
        "1": 18.0, 
        "10": 0.0, 
        "11": 2.0, 
        "12": 0.0, 
        "13": 15.0, 
        "14": 1.0, 
        "15": 0.0, 
        "16": 24.0, 
        "17": 2.0, 
        "18": 0.0, 
        "19": 11.0, 
        "2": 8.0, 
        "20": 7.0, 
        "21": 113.0, 
        "22": 25.0, 
        "23": 0.0, 
        "24": 132.0, 
        "25": 8.25, 
        "26": 0.75, 
        "27": 2.33333, 
        "28": 2.0, 
        "29": 1.0, 
        "3": 7.0, 
        "30": 13.0, 
        "31": 0.0, 
        "32": 3.0, 
        "33": 0.0, 
        "34": 13.0, 
        "35": 17.0, 
        "36": 16.0, 
        "37": 0.0, 
        "38": 0.0, 
        "39": 0.0, 
        "4": 0.0, 
        "40": 0.0, 
        "41": 22.0, 
        "42": 0.0, 
        "43": 11.0, 
        "44": 0.0, 
        "45": 11.0, 
        "46": 9.0, 
        "47": 51.0, 
        "48": 10.0, 
        "49": 25.0, 
        "5": 13.0, 
        "50": 299.0, 
        "51": 0.0, 
        "52": 44.0, 
        "53": 0.0, 
        "54": 16.0, 
        "55": 0.0, 
        "56": 0.0, 
        "57": 8.0, 
        "58": 310.0, 
        "59": 49.0, 
        "6": 2.0, 
        "60": 289.0, 
        "61": 782.0, 
        "62": 18.0, 
        "63": 56.9388, 
        "64": 6620.32, 
        "65": 376953.0, 
        "7": 1.0, 
        "8": 8.0, 
        "9": 5.0
      }, 
      "decrypt": {
        "1": 9.0, 
        "10": 3.0, 
        "11": 0.0, 
        "12": 0.0, 
        "13": 3.0, 
        "14": 3.0, 
        "15": 1.0, 
        "16": 12.0, 
        "17": 4.0, 
        "18": 0.0, 
        "19": 0.0, 
        "2": 4.0, 
        "20": 1.0, 
        "21": 1214.0, 
        "22": 397.0, 
        "23": 0.0, 
        "24": 1221.0, 
        "25": 174.429, 
        "26": 2.14286, 
        "27": 2.0, 
        "28": 1.0, 
        "29": 3.0, 
        "3": 1.0, 
        "30": 3.0, 
        "31": 0.0, 
        "32": 4.0, 
        "33": 1.0, 
        "34": 451.0, 
        "35": 65.0, 
        "36": 63.0, 
        "37": 1.0, 
        "38": 0.0, 
        "39": 0.0, 
        "4": 1.0, 
        "40": 0.0, 
        "41": 234.0, 
        "42": 0.0, 
        "43": 0.0, 
        "44": 0.0, 
        "45": 0.0, 
        "46": 60.0, 
        "47": 394.0, 
        "48": 57.0, 
        "49": 70.0, 
        "5": 3.0, 
        "50": 2687.0, 
        "51": 448.0, 
        "52": 312.0, 
        "53": 2.0, 
        "54": 51.0, 
        "55": 0.0, 
        "56": 0.0, 
        "57": 2.0, 
        "58": 2915.0, 
        "59": 318.0, 
        "6": 4.0, 
        "60": 2905.0, 
        "61": 6627.0, 
        "62": 17.0, 
        "63": 77.9167, 
        "64": 79992.0, 
        "65": 6232710.0, 
        "7": 0.0, 
        "8": 1.0, 
        "9": 1.0
      }, 
      "encfile": {
        "1": 33.0, 
        "10": 4.0, 
        "11": 7.0, 
        "12": 0.0, 
        "13": 28.0, 
        "14": 3.0, 
        "15": 0.0, 
        "16": 46.0, 
        "17": 10.0, 
        "18": 0.0, 
        "19": 12.0, 
        "2": 16.0, 
        "20": 14.0, 
        "21": 157.0, 
        "22": 48.0, 
        "23": 0.0, 
        "24": 184.0, 
        "25": 5.93548, 
        "26": 2.32258, 
        "27": 1.98611, 
        "28": 11.0, 
        "29": 4.0, 
        "3": 14.0, 
        "30": 16.0, 
        "31": 0.0, 
        "32": 15.0, 
        "33": 0.0, 
        "34": 12.0, 
        "35": 3.0, 
        "36": 0.0, 
        "37": 0.0, 
        "38": 0.0, 
        "39": 0.0, 
        "4": 0.0, 
        "40": 10.0, 
        "41": 24.0, 
        "42": 0.0, 
        "43": 12.0, 
        "44": 0.0, 
        "45": 12.0, 
        "46": 36.0, 
        "47": 37.0, 
        "48": 20.0, 
        "49": 97.0, 
        "5": 19.0, 
        "50": 389.0, 
        "51": 76.0, 
        "52": 68.0, 
        "53": 4.0, 
        "54": 13.0, 
        "55": 0.0, 
        "56": 0.0, 
        "57": 15.0, 
        "58": 477.0, 
        "59": 80.0, 
        "6": 11.0, 
        "60": 453.0, 
        "61": 1221.0, 
        "62": 16.0, 
        "63": 47.7, 
        "64": 11174.8, 
        "65": 533037.0, 
        "7": 1.0, 
        "8": 12.0, 
        "9": 7.0
      }, 
      "encrypt": {
        "1": 9.0, 
        "10": 3.0, 
        "11": 0.0, 
        "12": 0.0, 
        "13": 3.0, 
        "14": 3.0, 
        "15": 1.0, 
        "16": 12.0, 
        "17": 4.0, 
        "18": 0.0, 
        "19": 0.0, 
        "2": 4.0, 
        "20": 1.0, 
        "21": 1214.0, 
        "22": 397.0, 
        "23": 0.0, 
        "24": 1221.0, 
        "25": 174.429, 
        "26": 2.14286, 
        "27": 2.0, 
        "28": 1.0, 
        "29": 3.0, 
        "3": 1.0, 
        "30": 3.0, 
        "31": 0.0, 
        "32": 4.0, 
        "33": 1.0, 
        "34": 451.0, 
        "35": 65.0, 
        "36": 63.0, 
        "37": 1.0, 
        "38": 0.0, 
        "39": 0.0, 
        "4": 1.0, 
        "40": 0.0, 
        "41": 234.0, 
        "42": 0.0, 
        "43": 0.0, 
        "44": 0.0, 
        "45": 0.0, 
        "46": 60.0, 
        "47": 394.0, 
        "48": 58.0, 
        "49": 70.0, 
        "5": 3.0, 
        "50": 2687.0, 
        "51": 448.0, 
        "52": 312.0, 
        "53": 2.0, 
        "54": 51.0, 
        "55": 0.0, 
        "56": 0.0, 
        "57": 2.0, 
        "58": 2915.0, 
        "59": 318.0, 
        "6": 4.0, 
        "60": 2905.0, 
        "61": 6627.0, 
        "62": 17.0, 
        "63": 77.9167, 
        "64": 79992.0, 
        "65": 6232710.0, 
        "7": 0.0, 
        "8": 1.0, 
        "9": 1.0
      }, 
      "fillrand": {
        "1": 10.0, 
        "10": 2.0, 
        "11": 1.0, 
        "12": 0.0, 
        "13": 7.0, 
        "14": 1.0, 
        "15": 0.0, 
        "16": 12.0, 
        "17": 2.0, 
        "18": 0.0, 
        "19": 0.0, 
        "2": 4.0, 
        "20": 3.0, 
        "21": 34.0, 
        "22": 12.0, 
        "23": 0.0, 
        "24": 38.0, 
        "25": 4.75, 
        "26": 1.375, 
        "27": 2.0, 
        "28": 2.0, 
        "29": 1.0, 
        "3": 3.0, 
        "30": 5.0, 
        "31": 0.0, 
        "32": 3.0, 
        "33": 0.0, 
        "34": 2.0, 
        "35": 1.0, 
        "36": 0.0, 
        "37": 0.0, 
        "38": 0.0, 
        "39": 0.0, 
        "4": 0.0, 
        "40": 4.0, 
        "41": 9.0, 
        "42": 0.0, 
        "43": 0.0, 
        "44": 0.0, 
        "45": 0.0, 
        "46": 9.0, 
        "47": 13.0, 
        "48": 5.0, 
        "49": 11.0, 
        "5": 5.0, 
        "50": 60.0, 
        "51": 28.0, 
        "52": 22.0, 
        "53": 4.0, 
        "54": 3.0, 
        "55": 0.0, 
        "56": 0.0, 
        "57": 4.0, 
        "58": 88.0, 
        "59": 27.0, 
        "6": 3.0, 
        "60": 86.0, 
        "61": 212.0, 
        "62": 12.0, 
        "63": 19.5556, 
        "64": 1584.7, 
        "65": 30989.7, 
        "7": 0.0, 
        "8": 2.0, 
        "9": 2.0
      }, 
      "main": {
        "1": 8.0, 
        "10": 1.0, 
        "11": 1.0, 
        "12": 0.0, 
        "13": 6.0, 
        "14": 0.0, 
        "15": 0.0, 
        "16": 9.0, 
        "17": 1.0, 
        "18": 0.0, 
        "19": 9.0, 
        "2": 3.0, 
        "20": 2.0, 
        "21": 1.0, 
        "22": 1.0, 
        "23": 0.0, 
        "24": 13.0, 
        "25": 2.16667, 
        "26": 1.16667, 
        "27": 2.0, 
        "28": 1.0, 
        "29": 1.0, 
        "3": 2.0, 
        "30": 4.0, 
        "31": 0.0, 
        "32": 2.0, 
        "33": 0.0, 
        "34": 0.0, 
        "35": 0.0, 
        "36": 0.0, 
        "37": 0.0, 
        "38": 0.0, 
        "39": 0.0, 
        "4": 0.0, 
        "40": 0.0, 
        "41": 1.0, 
        "42": 0.0, 
        "43": 4.0, 
        "44": 2.0, 
        "45": 2.0, 
        "46": 9.0, 
        "47": 6.0, 
        "48": 3.0, 
        "49": 5.0, 
        "5": 4.0, 
        "50": 16.0, 
        "51": 0.0, 
        "52": 7.0, 
        "53": 0.0, 
        "54": 3.0, 
        "55": 0.0, 
        "56": 0.0, 
        "57": 3.0,