{
  "features": {
    "program_static_milepost_features": {
      "compare": {
        "1": 7.0, 
        "10": 1.0, 
        "11": 0.0, 
        "12": 0.0, 
        "13": 5.0, 
        "14": 0.0, 
        "15": 0.0, 
        "16": 8.0, 
        "17": 2.0, 
        "18": 0.0, 
        "19": 0.0, 
        "2": 2.0, 
        "20": 2.0, 
        "21": 5.0, 
        "22": 0.0, 
        "23": 1.0, 
        "24": 8.0, 
        "25": 1.6, 
        "26": 0.4, 
        "27": 2.0, 
        "28": 2.0, 
        "29": 0.0, 
        "3": 2.0, 
        "30": 3.0, 
        "31": 2.0, 
        "32": 0.0, 
        "33": 0.0, 
        "34": 2.0, 
        "35": 0.0, 
        "36": 0.0, 
        "37": 0.0, 
        "38": 0.0, 
        "39": 0.0, 
        "4": 0.0, 
        "40": 0.0, 
        "41": 0.0, 
        "42": 0.0, 
        "43": 0.0, 
        "44": 0.0, 
        "45": 0.0, 
        "46": 2.0, 
        "47": 3.0, 
        "48": 1.0, 
        "49": 0.0, 
        "5": 3.0, 
        "50": 16.0, 
        "51": 0.0, 
        "52": 8.0, 
        "53": 0.0, 
        "54": 4.0, 
        "55": 0.0, 
        "56": 0.0, 
        "57": 3.0, 
        "58": 18.0, 
        "59": 10.0, 
        "6": 2.0, 
        "60": 14.0, 
        "61": 50.0, 
        "62": 14.0, 
        "63": 12.6, 
        "64": 311.596, 
        "65": 3926.12, 
        "7": 0.0, 
        "8": 1.0, 
        "9": 2.0
      }, 
      "main": {
        "1": 8.0, 
        "10": 1.0, 
        "11": 1.0, 
        "12": 0.0, 
        "13": 6.0, 
        "14": 0.0, 
        "15": 0.0, 
        "16": 9.0, 
        "17": 1.0, 
        "18": 0.0, 
        "19": 9.0, 
        "2": 3.0, 
        "20": 2.0, 
        "21": 1.0, 
        "22": 1.0, 
        "23": 0.0, 
        "24": 13.0, 
        "25": 2.16667, 
        "26": 1.33333, 
        "27": 2.0, 
        "28": 1.0, 
        "29": 1.0, 
        "3": 2.0, 
        "30": 4.0, 
        "31": 0.0, 
        "32": 2.0, 
        "33": 0.0, 
        "34": 0.0, 
        "35": 0.0, 
        "36": 0.0, 
        "37": 0.0, 
        "38": 0.0, 
        "39": 0.0, 
        "4": 0.0, 
        "40": 0.0, 
        "41": 1.0, 
        "42": 0.0, 
        "43": 4.0, 
        "44": 2.0, 
        "45": 2.0, 
        "46": 10.0, 
        "47": 8.0, 
        "48": 4.0, 
        "49": 5.0, 
        "5": 4.0, 
        "50": 17.0, 
        "51": 0.0, 
        "52": 8.0, 
        "53": 0.0, 
        "54": 3.0, 
        "55": 0.0, 
        "56": 0.0, 
        "57": 3.0, 
        "58": 26.0, 
        "59": 17.0, 
        "6": 2.0, 
        "60": 15.0, 
        "61": 121.0, 
        "62": 15.0, 
        "63": 11.4706, 
        "64": 734.573, 
        "65": 8425.99, 
        "7": 0.0, 
        "8": 2.0, 
        "9": 1.0
      }, 
      "main1": {
        "1": 20.0, 
        "10": 0.0, 
        "11": 3.0, 
        "12": 0.0, 
        "13": 17.0, 
        "14": 1.0, 
        "15": 0.0, 
        "16": 26.0, 
        "17": 6.0, 
        "18": 0.0, 
        "19": 18.0, 
        "2": 6.0, 
        "20": 9.0, 
        "21": 45.0, 
        "22": 3.0, 
        "23": 2.0, 
        "24": 73.0, 
        "25": 4.05556, 
        "26": 1.94444, 
        "27": 2.42857, 
        "28": 1.0, 
        "29": 4.0, 
        "3": 9.0, 
        "30": 13.0, 
        "31": 0.0, 
        "32": 5.0, 
        "33": 0.0, 
        "34": 18.0, 
        "35": 1.0, 
        "36": 1.0, 
        "37": 0.0, 
        "38": 0.0, 
        "39": 0.0, 
        "4": 0.0, 
        "40": 3.0, 
        "41": 3.0, 
        "42": 1.0, 
        "43": 12.0, 
        "44": 2.0, 
        "45": 9.0, 
        "46": 8.0, 
        "47": 16.0, 
        "48": 11.0, 
        "49": 8.0, 
        "5": 13.0, 
        "50": 162.0, 
        "51": 48.0, 
        "52": 46.0, 
        "53": 2.0, 
        "54": 16.0, 
        "55": 1.0, 
        "56": 0.0, 
        "57": 10.0, 
        "58": 218.0, 
        "59": 64.0, 
        "6": 4.0, 
        "60": 188.0, 
        "61": 610.0, 
        "62": 21.0, 
        "63": 35.7656, 
        "64": 5303.9, 
        "65": 189697.0, 
        "7": 1.0, 
        "8": 6.0, 
        "9": 5.0
      }, 
      "qsortx": {
        "1": 50.0, 
        "10": 4.0, 
        "11": 13.0, 
        "12": 0.0, 
        "13": 48.0, 
        "14": 0.0, 
        "15": 0.0, 
        "16": 73.0, 
        "17": 22.0, 
        "18": 0.0, 
        "19": 0.0, 
        "2": 23.0, 
        "20": 24.0, 
        "21": 88.0, 
        "22": 18.0, 
        "23": 0.0, 
        "24": 117.0, 
        "25": 2.4375, 
        "26": 1.47917, 
        "27": 2.0, 
        "28": 18.0, 
        "29": 7.0, 
        "3": 24.0, 
        "30": 23.0, 
        "31": 0.0, 
        "32": 25.0, 
        "33": 0.0, 
        "34": 13.0, 
        "35": 21.0, 
        "36": 8.0, 
        "37": 0.0, 
        "38": 0.0, 
        "39": 3.0, 
        "4": 0.0, 
        "40": 0.0, 
        "41": 21.0, 
        "42": 0.0, 
        "43": 3.0, 
        "44": 0.0, 
        "45": 3.0, 
        "46": 11.0, 
        "47": 22.0, 
        "48": 12.0, 
        "49": 9.0, 
        "5": 27.0, 
        "50": 355.0, 
        "51": 0.0, 
        "52": 51.0, 
        "53": 0.0, 
        "54": 11.0, 
        "55": 0.0, 
        "56": 0.0, 
        "57": 25.0, 
        "58": 355.0, 
        "59": 52.0, 
        "6": 18.0, 
        "60": 319.0, 
        "61": 849.0, 
        "62": 15.0, 
        "63": 51.2019, 
        "64": 7299.33, 
        "65": 373740.0, 
        "7": 3.0, 
        "8": 17.0, 
        "9": 10.0
      }
    }
  }
}
