{
  "features": {
    "program_static_milepost_features": {
      "astex_codelet__2": {
        "1": 9.0, 
        "10": 1.0, 
        "11": 1.0, 
        "12": 0.0, 
        "13": 7.0, 
        "14": 0.0, 
        "15": 0.0, 
        "16": 10.0, 
        "17": 2.0, 
        "18": 0.0, 
        "19": 0.0, 
        "2": 4.0, 
        "20": 2.0, 
        "21": 5.0, 
        "22": 3.0, 
        "23": 0.0, 
        "24": 10.0, 
        "25": 1.42857, 
        "26": 0.714286, 
        "27": 1.6, 
        "28": 3.0, 
        "29": 0.0, 
        "3": 2.0, 
        "30": 4.0, 
        "31": 0.0, 
        "32": 3.0, 
        "33": 0.0, 
        "34": 0.0, 
        "35": 0.0, 
        "36": 0.0, 
        "37": 0.0, 
        "38": 0.0, 
        "39": 0.0, 
        "4": 0.0, 
        "40": 1.0, 
        "41": 2.0, 
        "42": 0.0, 
        "43": 0.0, 
        "44": 0.0, 
        "45": 0.0, 
        "46": 2.0, 
        "47": 2.0, 
        "48": 2.0, 
        "49": 3.0, 
        "5": 5.0, 
        "50": 20.0, 
        "51": 0.0, 
        "52": 5.0, 
        "53": 0.0, 
        "54": 2.0, 
        "55": 0.0, 
        "56": 0.0, 
        "57": 3.0, 
        "58": 20.0, 
        "59": 6.0, 
        "6": 2.0, 
        "60": 2.0, 
        "61": 54.0, 
        "62": 10.0, 
        "63": 16.6667, 
        "64": 295.828, 
        "65": 4930.47, 
        "7": 0.0, 
        "8": 3.0, 
        "9": 1.0
      }, 
      "main": {
        "1": 10.0, 
        "10": 1.0, 
        "11": 2.0, 
        "12": 0.0, 
        "13": 7.0, 
        "14": 1.0, 
        "15": 0.0, 
        "16": 12.0, 
        "17": 2.0, 
        "18": 0.0, 
        "19": 13.0, 
        "2": 4.0, 
        "20": 3.0, 
        "21": 12.0, 
        "22": 1.0, 
        "23": 0.0, 
        "24": 29.0, 
        "25": 3.625, 
        "26": 1.0, 
        "27": 2.0, 
        "28": 2.0, 
        "29": 1.0, 
        "3": 3.0, 
        "30": 5.0, 
        "31": 0.0, 
        "32": 3.0, 
        "33": 0.0, 
        "34": 4.0, 
        "35": 1.0, 
        "36": 4.0, 
        "37": 0.0, 
        "38": 0.0, 
        "39": 0.0, 
        "4": 0.0, 
        "40": 0.0, 
        "41": 2.0, 
        "42": 0.0, 
        "43": 10.0, 
        "44": 4.0, 
        "45": 4.0, 
        "46": 10.0, 
        "47": 8.0, 
        "48": 4.0, 
        "49": 12.0, 
        "5": 5.0, 
        "50": 48.0, 
        "51": 0.0, 
        "52": 15.0, 
        "53": 0.0, 
        "54": 12.0, 
        "55": 0.0, 
        "56": 0.0, 
        "57": 4.0, 
        "58": 61.0, 
        "59": 26.0, 
        "6": 3.0, 
        "60": 45.0, 
        "61": 244.0, 
        "62": 17.0, 
        "63": 19.9423, 
        "64": 1654.05, 
        "65": 32985.6, 
        "7": 0.0, 
        "8": 3.0, 
        "9": 1.0
      }
    }
  }
}
