{
  "features": {
    "program_static_milepost_features": {
      "astex_codelet__1": {
        "1": 20.0, 
        "10": 0.0, 
        "11": 5.0, 
        "12": 0.0, 
        "13": 18.0, 
        "14": 0.0, 
        "15": 0.0, 
        "16": 28.0, 
        "17": 8.0, 
        "18": 0.0, 
        "19": 0.0, 
        "2": 8.0, 
        "20": 9.0, 
        "21": 47.0, 
        "22": 16.0, 
        "23": 0.0, 
        "24": 59.0, 
        "25": 3.27778, 
        "26": 1.11111, 
        "27": 2.2, 
        "28": 6.0, 
        "29": 1.0, 
        "3": 9.0, 
        "30": 11.0, 
        "31": 0.0, 
        "32": 7.0, 
        "33": 0.0, 
        "34": 16.0, 
        "35": 4.0, 
        "36": 6.0, 
        "37": 0.0, 
        "38": 0.0, 
        "39": 0.0, 
        "4": 0.0, 
        "40": 0.0, 
        "41": 14.0, 
        "42": 0.0, 
        "43": 0.0, 
        "44": 0.0, 
        "45": 0.0, 
        "46": 8.0, 
        "47": 21.0, 
        "48": 3.0, 
        "49": 4.0, 
        "5": 11.0, 
        "50": 129.0, 
        "51": 0.0, 
        "52": 44.0, 
        "53": 0.0, 
        "54": 4.0, 
        "55": 0.0, 
        "56": 0.0, 
        "57": 10.0, 
        "58": 129.0, 
        "59": 45.0, 
        "6": 5.0, 
        "60": 91.0, 
        "61": 351.0, 
        "62": 11.0, 
        "63": 15.7667, 
        "64": 2785.91, 
        "65": 43924.6, 
        "7": 2.0, 
        "8": 7.0, 
        "9": 3.0
      }, 
      "main": {
        "1": 10.0, 
        "10": 1.0, 
        "11": 2.0, 
        "12": 0.0, 
        "13": 7.0, 
        "14": 1.0, 
        "15": 0.0, 
        "16": 12.0, 
        "17": 2.0, 
        "18": 0.0, 
        "19": 16.0, 
        "2": 4.0, 
        "20": 3.0, 
        "21": 16.0, 
        "22": 1.0, 
        "23": 0.0, 
        "24": 36.0, 
        "25": 4.5, 
        "26": 1.0, 
        "27": 2.0, 
        "28": 2.0, 
        "29": 1.0, 
        "3": 3.0, 
        "30": 5.0, 
        "31": 0.0, 
        "32": 3.0, 
        "33": 0.0, 
        "34": 6.0, 
        "35": 1.0, 
        "36": 5.0, 
        "37": 0.0, 
        "38": 0.0, 
        "39": 0.0, 
        "4": 0.0, 
        "40": 0.0, 
        "41": 2.0, 
        "42": 1.0, 
        "43": 12.0, 
        "44": 5.0, 
        "45": 5.0, 
        "46": 11.0, 
        "47": 12.0, 
        "48": 3.0, 
        "49": 14.0, 
        "5": 5.0, 
        "50": 61.0, 
        "51": 0.0, 
        "52": 18.0, 
        "53": 0.0, 
        "54": 15.0, 
        "55": 0.0, 
        "56": 0.0, 
        "57": 4.0, 
        "58": 77.0, 
        "59": 29.0, 
        "6": 3.0, 
        "60": 58.0, 
        "61": 293.0, 
        "62": 17.0, 
        "63": 22.569, 
        "64": 2042.53, 
        "65": 46097.8, 
        "7": 0.0, 
        "8": 3.0, 
        "9": 1.0
      }
    }
  }
}
