{
  "features": {
    "program_static_milepost_features": {
      "astex_codelet__8": {
        "1": 31.0, 
        "10": 3.0, 
        "11": 5.0, 
        "12": 0.0, 
        "13": 29.0, 
        "14": 0.0, 
        "15": 0.0, 
        "16": 43.0, 
        "17": 9.0, 
        "18": 0.0, 
        "19": 0.0, 
        "2": 15.0, 
        "20": 13.0, 
        "21": 60.0, 
        "22": 18.0, 
        "23": 0.0, 
        "24": 76.0, 
        "25": 2.62069, 
        "26": 0.758621, 
        "27": 2.09091, 
        "28": 10.0, 
        "29": 0.0, 
        "3": 13.0, 
        "30": 19.0, 
        "31": 0.0, 
        "32": 10.0, 
        "33": 0.0, 
        "34": 18.0, 
        "35": 9.0, 
        "36": 9.0, 
        "37": 0.0, 
        "38": 0.0, 
        "39": 0.0, 
        "4": 0.0, 
        "40": 1.0, 
        "41": 15.0, 
        "42": 0.0, 
        "43": 0.0, 
        "44": 0.0, 
        "45": 0.0, 
        "46": 9.0, 
        "47": 19.0, 
        "48": 4.0, 
        "49": 8.0, 
        "5": 19.0, 
        "50": 190.0, 
        "51": 0.0, 
        "52": 33.0, 
        "53": 0.0, 
        "54": 7.0, 
        "55": 0.0, 
        "56": 0.0, 
        "57": 14.0, 
        "58": 190.0, 
        "59": 34.0, 
        "6": 8.0, 
        "60": 130.0, 
        "61": 438.0, 
        "62": 10.0, 
        "63": 27.9412, 
        "64": 3426.53, 
        "65": 95741.4, 
        "7": 2.0, 
        "8": 12.0, 
        "9": 7.0
      }, 
      "main": {
        "1": 10.0, 
        "10": 1.0, 
        "11": 2.0, 
        "12": 0.0, 
        "13": 7.0, 
        "14": 1.0, 
        "15": 0.0, 
        "16": 12.0, 
        "17": 2.0, 
        "18": 0.0, 
        "19": 19.0, 
        "2": 4.0, 
        "20": 3.0, 
        "21": 20.0, 
        "22": 1.0, 
        "23": 0.0, 
        "24": 43.0, 
        "25": 5.375, 
        "26": 1.0, 
        "27": 2.0, 
        "28": 2.0, 
        "29": 1.0, 
        "3": 3.0, 
        "30": 5.0, 
        "31": 0.0, 
        "32": 3.0, 
        "33": 0.0, 
        "34": 8.0, 
        "35": 1.0, 
        "36": 6.0, 
        "37": 0.0, 
        "38": 0.0, 
        "39": 0.0, 
        "4": 0.0, 
        "40": 0.0, 
        "41": 2.0, 
        "42": 1.0, 
        "43": 14.0, 
        "44": 6.0, 
        "45": 6.0, 
        "46": 12.0, 
        "47": 9.0, 
        "48": 3.0, 
        "49": 17.0, 
        "5": 5.0, 
        "50": 74.0, 
        "51": 0.0, 
        "52": 21.0, 
        "53": 0.0, 
        "54": 18.0, 
        "55": 0.0, 
        "56": 0.0, 
        "57": 4.0, 
        "58": 93.0, 
        "59": 32.0, 
        "6": 3.0, 
        "60": 71.0, 
        "61": 338.0, 
        "62": 17.0, 
        "63": 24.7031, 
        "64": 2418.54, 
        "65": 59745.4, 
        "7": 0.0, 
        "8": 3.0, 
        "9": 1.0
      }
    }
  }
}
