{
  "features": {
    "program_static_milepost_features": {
      "astex_codelet__2": {
        "1": 15.0, 
        "10": 1.0, 
        "11": 3.0, 
        "12": 0.0, 
        "13": 11.0, 
        "14": 2.0, 
        "15": 0.0, 
        "16": 18.0, 
        "17": 0.0, 
        "18": 0.0, 
        "19": 0.0, 
        "2": 8.0, 
        "20": 4.0, 
        "21": 264.0, 
        "22": 13.0, 
        "23": 67.0, 
        "24": 271.0, 
        "25": 20.8462, 
        "26": 1.15385, 
        "27": 1.86667, 
        "28": 4.0, 
        "29": 1.0, 
        "3": 4.0, 
        "30": 8.0, 
        "31": 0.0, 
        "32": 5.0, 
        "33": 0.0, 
        "34": 17.0, 
        "35": 21.0, 
        "36": 20.0, 
        "37": 0.0, 
        "38": 0.0, 
        "39": 0.0, 
        "4": 0.0, 
        "40": 0.0, 
        "41": 13.0, 
        "42": 0.0, 
        "43": 0.0, 
        "44": 0.0, 
        "45": 0.0, 
        "46": 0.0, 
        "47": 3.0, 
        "48": 5.0, 
        "49": 9.0, 
        "5": 9.0, 
        "50": 638.0, 
        "51": 0.0, 
        "52": 106.0, 
        "53": 0.0, 
        "54": 12.0, 
        "55": 0.0, 
        "56": 0.0, 
        "57": 5.0, 
        "58": 638.0, 
        "59": 107.0, 
        "6": 4.0, 
        "60": 613.0, 
        "61": 1359.0, 
        "62": 13.0, 
        "63": 38.757, 
        "64": 13785.1, 
        "65": 534267.0, 
        "7": 0.0, 
        "8": 7.0, 
        "9": 1.0
      }, 
      "main": {
        "1": 10.0, 
        "10": 1.0, 
        "11": 2.0, 
        "12": 0.0, 
        "13": 7.0, 
        "14": 1.0, 
        "15": 0.0, 
        "16": 12.0, 
        "17": 2.0, 
        "18": 0.0, 
        "19": 16.0, 
        "2": 4.0, 
        "20": 3.0, 
        "21": 17.0, 
        "22": 1.0, 
        "23": 0.0, 
        "24": 37.0, 
        "25": 4.625, 
        "26": 1.0, 
        "27": 2.0, 
        "28": 2.0, 
        "29": 1.0, 
        "3": 3.0, 
        "30": 5.0, 
        "31": 0.0, 
        "32": 3.0, 
        "33": 0.0, 
        "34": 6.0, 
        "35": 2.0, 
        "36": 5.0, 
        "37": 0.0, 
        "38": 0.0, 
        "39": 0.0, 
        "4": 0.0, 
        "40": 0.0, 
        "41": 3.0, 
        "42": 1.0, 
        "43": 12.0, 
        "44": 5.0, 
        "45": 5.0, 
        "46": 10.0, 
        "47": 9.0, 
        "48": 3.0, 
        "49": 15.0, 
        "5": 5.0, 
        "50": 63.0, 
        "51": 0.0, 
        "52": 19.0, 
        "53": 0.0, 
        "54": 16.0, 
        "55": 0.0, 
        "56": 0.0, 
        "57": 4.0, 
        "58": 79.0, 
        "59": 30.0, 
        "6": 3.0, 
        "60": 60.0, 
        "61": 292.0, 
        "62": 17.0, 
        "63": 22.3833, 
        "64": 2059.56, 
        "65": 46099.7, 
        "7": 0.0, 
        "8": 3.0, 
        "9": 1.0
      }
    }
  }
}
