{
  "features": {
    "program_static_milepost_features": {
      "local_strncmp": {
        "1": 10.0, 
        "10": 0.0, 
        "11": 1.0, 
        "12": 0.0, 
        "13": 8.0, 
        "14": 0.0, 
        "15": 0.0, 
        "16": 13.0, 
        "17": 3.0, 
        "18": 0.0, 
        "19": 0.0, 
        "2": 3.0, 
        "20": 4.0, 
        "21": 14.0, 
        "22": 2.0, 
        "23": 0.0, 
        "24": 19.0, 
        "25": 2.375, 
        "26": 0.875, 
        "27": 1.85714, 
        "28": 3.0, 
        "29": 0.0, 
        "3": 4.0, 
        "30": 5.0, 
        "31": 0.0, 
        "32": 3.0, 
        "33": 0.0, 
        "34": 4.0, 
        "35": 3.0, 
        "36": 4.0, 
        "37": 0.0, 
        "38": 0.0, 
        "39": 0.0, 
        "4": 0.0, 
        "40": 0.0, 
        "41": 4.0, 
        "42": 0.0, 
        "43": 0.0, 
        "44": 0.0, 
        "45": 0.0, 
        "46": 6.0, 
        "47": 3.0, 
        "48": 2.0, 
        "49": 6.0, 
        "5": 6.0, 
        "50": 45.0, 
        "51": 0.0, 
        "52": 13.0, 
        "53": 0.0, 
        "54": 5.0, 
        "55": 0.0, 
        "56": 0.0, 
        "57": 5.0, 
        "58": 45.0, 
        "59": 14.0, 
        "6": 1.0, 
        "60": 24.0, 
        "61": 113.0, 
        "62": 8.0, 
        "63": 12.8571, 
        "64": 704.181, 
        "65": 9053.76, 
        "7": 1.0, 
        "8": 3.0, 
        "9": 3.0
      }, 
      "main": {
        "1": 60.0, 
        "10": 6.0, 
        "11": 12.0, 
        "12": 0.0, 
        "13": 57.0, 
        "14": 1.0, 
        "15": 0.0, 
        "16": 80.0, 
        "17": 16.0, 
        "18": 0.0, 
        "19": 52.0, 
        "2": 24.0, 
        "20": 27.0, 
        "21": 113.0, 
        "22": 18.0, 
        "23": 0.0, 
        "24": 193.0, 
        "25": 3.32759, 
        "26": 2.03448, 
        "27": 1.9322, 
        "28": 12.0, 
        "29": 12.0, 
        "3": 27.0, 
        "30": 34.0, 
        "31": 0.0, 
        "32": 24.0, 
        "33": 0.0, 
        "34": 42.0, 
        "35": 9.0, 
        "36": 9.0, 
        "37": 0.0, 
        "38": 0.0, 
        "39": 0.0, 
        "4": 0.0, 
        "40": 4.0, 
        "41": 19.0, 
        "42": 0.0, 
        "43": 39.0, 
        "44": 15.0, 
        "45": 26.0, 
        "46": 56.0, 
        "47": 32.0, 
        "48": 26.0, 
        "49": 48.0, 
        "5": 39.0, 
        "50": 408.0, 
        "51": 74.0, 
        "52": 96.0, 
        "53": 2.0, 
        "54": 46.0, 
        "55": 1.0, 
        "56": 0.0, 
        "57": 28.0, 
        "58": 534.0, 
        "59": 117.0, 
        "6": 18.0, 
        "60": 478.0, 
        "61": 1468.0, 
        "62": 17.0, 
        "63": 38.7949, 
        "64": 14138.1, 
        "65": 548486.0, 
        "7": 1.0, 
        "8": 18.0, 
        "9": 14.0
      }, 
      "strsearch2": {
        "1": 15.0, 
        "10": 0.0, 
        "11": 2.0, 
        "12": 0.0, 
        "13": 13.0, 
        "14": 0.0, 
        "15": 0.0, 
        "16": 20.0, 
        "17": 4.0, 
        "18": 0.0, 
        "19": 2.0, 
        "2": 6.0, 
        "20": 6.0, 
        "21": 20.0, 
        "22": 3.0, 
        "23": 0.0, 
        "24": 29.0, 
        "25": 2.23077, 
        "26": 0.692308, 
        "27": 1.88889, 
        "28": 5.0, 
        "29": 0.0, 
        "3": 6.0, 
        "30": 8.0, 
        "31": 0.0, 
        "32": 5.0, 
        "33": 0.0, 
        "34": 5.0, 
        "35": 4.0, 
        "36": 4.0, 
        "37": 0.0, 
        "38": 0.0, 
        "39": 0.0, 
        "4": 0.0, 
        "40": 0.0, 
        "41": 5.0, 
        "42": 0.0, 
        "43": 2.0, 
        "44": 0.0, 
        "45": 2.0, 
        "46": 9.0, 
        "47": 6.0, 
        "48": 3.0, 
        "49": 6.0, 
        "5": 9.0, 
        "50": 67.0, 
        "51": 0.0, 
        "52": 19.0, 
        "53": 0.0, 
        "54": 7.0, 
        "55": 0.0, 
        "56": 0.0, 
        "57": 7.0, 
        "58": 69.0, 
        "59": 21.0, 
        "6": 3.0, 
        "60": 57.0, 
        "61": 172.0, 
        "62": 11.0, 
        "63": 18.0714, 
        "64": 1204.3, 
        "65": 21763.4, 
        "7": 1.0, 
        "8": 6.0, 
        "9": 3.0
      }
    }
  }
}
