{
  "features": {
    "program_static_milepost_features": {
      "absVal": {
        "1": 5.0, 
        "10": 0.0, 
        "11": 0.0, 
        "12": 0.0, 
        "13": 3.0, 
        "14": 0.0, 
        "15": 0.0, 
        "16": 5.0, 
        "17": 1.0, 
        "18": 0.0, 
        "19": 0.0, 
        "2": 1.0, 
        "20": 1.0, 
        "21": 2.0, 
        "22": 0.0, 
        "23": 1.0, 
        "24": 4.0, 
        "25": 1.33333, 
        "26": 0.333333, 
        "27": 2.0, 
        "28": 1.0, 
        "29": 0.0, 
        "3": 1.0, 
        "30": 2.0, 
        "31": 1.0, 
        "32": 0.0, 
        "33": 0.0, 
        "34": 1.0, 
        "35": 0.0, 
        "36": 0.0, 
        "37": 0.0, 
        "38": 0.0, 
        "39": 0.0, 
        "4": 0.0, 
        "40": 0.0, 
        "41": 0.0, 
        "42": 0.0, 
        "43": 0.0, 
        "44": 0.0, 
        "45": 0.0, 
        "46": 1.0, 
        "47": 0.0, 
        "48": 0.0, 
        "49": 0.0, 
        "5": 2.0, 
        "50": 8.0, 
        "51": 0.0, 
        "52": 2.0, 
        "53": 0.0, 
        "54": 0.0, 
        "55": 0.0, 
        "56": 0.0, 
        "57": 2.0, 
        "58": 8.0, 
        "59": 3.0, 
        "6": 1.0, 
        "60": 2.0, 
        "61": 21.0, 
        "62": 8.0, 
        "63": 10.6667, 
        "64": 100.265, 
        "65": 1069.5, 
        "7": 0.0, 
        "8": 1.0, 
        "9": 1.0
      }, 
      "cl_clean_up": {
        "1": 5.0, 
        "10": 0.0, 
        "11": 0.0, 
        "12": 0.0, 
        "13": 2.0, 
        "14": 1.0, 
        "15": 0.0, 
        "16": 5.0, 
        "17": 1.0, 
        "18": 0.0, 
        "19": 16.0, 
        "2": 1.0, 
        "20": 1.0, 
        "21": 31.0, 
        "22": 0.0, 
        "23": 0.0, 
        "24": 49.0, 
        "25": 16.3333, 
        "26": 0.0, 
        "27": 0.0, 
        "28": 0.0, 
        "29": 0.0, 
        "3": 1.0, 
        "30": 3.0, 
        "31": 0.0, 
        "32": 0.0, 
        "33": 0.0, 
        "34": 0.0, 
        "35": 0.0, 
        "36": 0.0, 
        "37": 0.0, 
        "38": 0.0, 
        "39": 0.0, 
        "4": 0.0, 
        "40": 0.0, 
        "41": 0.0, 
        "42": 0.0, 
        "43": 16.0, 
        "44": 0.0, 
        "45": 16.0, 
        "46": 2.0, 
        "47": 2.0, 
        "48": 0.0, 
        "49": 0.0, 
        "5": 2.0, 
        "50": 63.0, 
        "51": 60.0, 
        "52": 29.0, 
        "53": 14.0, 
        "54": 13.0, 
        "55": 13.0, 
        "56": 0.0, 
        "57": 2.0, 
        "58": 109.0, 
        "59": 52.0, 
        "6": 1.0, 
        "60": 93.0, 
        "61": 237.0, 
        "62": 13.0, 
        "63": 13.625, 
        "64": 2082.53, 
        "65": 28374.5, 
        "7": 0.0, 
        "8": 1.0, 
        "9": 1.0
      }, 
      "cl_initialization": {
        "1": 22.0, 
        "10": 0.0, 
        "11": 6.0, 
        "12": 0.0, 
        "13": 20.0, 
        "14": 0.0, 
        "15": 0.0, 
        "16": 28.0, 
        "17": 2.0, 
        "18": 0.0, 
        "19": 19.0, 
        "2": 12.0, 
        "20": 7.0, 
        "21": 27.0, 
        "22": 0.0, 
        "23": 0.0, 
        "24": 54.0, 
        "25": 2.7, 
        "26": 2.7, 
        "27": 2.0, 
        "28": 0.0, 
        "29": 6.0, 
        "3": 7.0, 
        "30": 14.0, 
        "31": 0.0, 
        "32": 6.0, 
        "33": 0.0, 
        "34": 5.0, 
        "35": 0.0, 
        "36": 0.0, 
        "37": 0.0, 
        "38": 0.0, 
        "39": 0.0, 
        "4": 0.0, 
        "40": 0.0, 
        "41": 0.0, 
        "42": 5.0, 
        "43": 19.0, 
        "44": 2.0, 
        "45": 17.0, 
        "46": 21.0, 
        "47": 20.0, 
        "48": 3.0, 
        "49": 5.0, 
        "5": 13.0, 
        "50": 59.0, 
        "51": 252.0, 
        "52": 18.0, 
        "53": 8.0, 
        "54": 10.0, 
        "55": 4.0, 
        "56": 0.0, 
        "57": 8.0, 
        "58": 204.0, 
        "59": 35.0, 
        "6": 7.0, 
        "60": 185.0, 
        "61": 564.0, 
        "62": 15.0, 
        "63": 43.7143, 
        "64": 4331.97, 
        "65": 189369.0, 
        "7": 0.0, 
        "8": 12.0, 
        "9": 1.0
      }, 
      "cl_launch_kernel": {
        "1": 15.0, 
        "10": 0.0, 
        "11": 0.0, 
        "12": 0.0, 
        "13": 10.0, 
        "14": 3.0, 
        "15": 0.0, 
        "16": 14.0, 
        "17": 0.0, 
        "18": 0.0, 
        "19": 36.0, 
        "2": 0.0, 
        "20": 6.0, 
        "21": 97.0, 
        "22": 15.0, 
        "23": 0.0, 
        "24": 140.0, 
        "25": 10.7692, 
        "26": 0.0, 
        "27": 0.0, 
        "28": 0.0, 
        "29": 0.0, 
        "3": 6.0, 
        "30": 13.0, 
        "31": 0.0, 
        "32": 0.0, 
        "33": 0.0, 
        "34": 0.0, 
        "35": 0.0, 
        "36": 0.0, 
        "37": 0.0, 
        "38": 0.0, 
        "39": 0.0, 
        "4": 0.0, 
        "40": 13.0, 
        "41": 0.0, 
        "42": 3.0, 
        "43": 30.0, 
        "44": 0.0, 
        "45": 30.0, 
        "46": 31.0, 
        "47": 55.0, 
        "48": 13.0, 
        "49": 26.0, 
        "5": 13.0, 
        "50": 202.0, 
        "51": 144.0, 
        "52": 48.0, 
        "53": 12.0, 
        "54": 4.0, 
        "55": 11.0, 
        "56": 0.0, 
        "57": 7.0, 
        "58": 310.0, 
        "59": 67.0, 
        "6": 0.0, 
        "60": 274.0, 
        "61": 733.0, 
        "62": 14.0, 
        "63": 32.3881, 
        "64": 6608.63, 
        "65": 214041.0, 
        "7": 0.0, 
        "8": 0.0, 
        "9": 6.0
      }, 
      "cl_load_prog": {
        "1": 13.0, 
        "10": 0.0, 
        "11": 0.0, 
        "12": 0.0, 
        "13": 11.0, 
        "14": 0.0, 
        "15": 0.0, 
        "16": 12.0, 
        "17": 0.0, 
        "18": 0.0, 
        "19": 18.0, 
        "2": 0.0, 
        "20": 5.0, 
        "21": 21.0, 
        "22": 0.0, 
        "23": 0.0, 
        "24": 45.0, 
        "25": 4.09091, 
        "26": 0.0, 
        "27": 0.0, 
        "28": 0.0, 
        "29": 0.0, 
        "3": 5.0, 
        "30": 11.0, 
        "31": 0.0, 
        "32": 0.0, 
        "33": 0.0, 
        "34": 2.0, 
        "35": 0.0, 
        "36": 0.0, 
        "37": 0.0, 
        "38": 0.0, 
        "39": 0.0, 
        "4": 0.0, 
        "40": 0.0, 
        "41": 0.0, 
        "42": 3.0, 
        "43": 13.0, 
        "44": 4.0, 
        "45": 9.0, 
        "46": 15.0, 
        "47": 17.0, 
        "48": 7.0, 
        "49": 5.0, 
        "5": 11.0, 
        "50": 48.0, 
        "51": 46.0, 
        "52": 14.0, 
        "53": 10.0, 
        "54": 10.0, 
        "55": 8.0, 
        "56": 0.0, 
        "57": 6.0, 
        "58": 89.0, 
        "59": 33.0, 
        "6": 0.0, 
        "60": 71.0, 
        "61": 290.0, 
        "62": 14.0, 
        "63": 18.8788, 
        "64": 2103.97, 
        "65": 39720.4, 
        "7": 0.0, 
        "8": 0.0, 
        "9": 5.0
      }, 
      "cl_mem_init": {
        "1": 7.0, 
        "10": 0.0, 
        "11": 1.0, 
        "12": 0.0, 
        "13": 3.0, 
        "14": 2.0, 
        "15": 0.0, 
        "16": 8.0, 
        "17": 2.0, 
        "18": 0.0, 
        "19": 16.0, 
        "2": 2.0, 
        "20": 2.0, 
        "21": 37.0, 
        "22": 0.0, 
        "23": 0.0, 
        "24": 56.0, 
        "25": 11.2, 
        "26": 2.4, 
        "27": 2.0, 
        "28": 0.0, 
        "29": 1.0, 
        "3": 2.0, 
        "30": 4.0, 
        "31": 0.0, 
        "32": 1.0, 
        "33": 0.0, 
        "34": 0.0, 
        "35": 0.0, 
        "36": 0.0, 
        "37": 0.0, 
        "38": 0.0, 
        "39": 0.0, 
        "4": 0.0, 
        "40": 0.0, 
        "41": 0.0, 
        "42": 14.0, 
        "43": 16.0, 
        "44": 7.0, 
        "45": 9.0, 
        "46": 39.0, 
        "47": 18.0, 
        "48": 12.0, 
        "49": 28.0, 
        "5": 3.0, 
        "50": 82.0, 
        "51": 126.0, 
        "52": 31.0, 
        "53": 10.0, 
        "54": 23.0, 
        "55": 9.0, 
        "56": 0.0, 
        "57": 3.0, 
        "58": 161.0, 
        "59": 45.0,