{
  "features": {
    "program_static_milepost_features": {
      "astex_codelet__9": {
        "1": 23.0, 
        "10": 1.0, 
        "11": 4.0, 
        "12": 0.0, 
        "13": 20.0, 
        "14": 1.0, 
        "15": 0.0, 
        "16": 31.0, 
        "17": 5.0, 
        "18": 0.0, 
        "19": 0.0, 
        "2": 11.0, 
        "20": 9.0, 
        "21": 90.0, 
        "22": 19.0, 
        "23": 0.0, 
        "24": 101.0, 
        "25": 4.80952, 
        "26": 1.14286, 
        "27": 2.04167, 
        "28": 6.0, 
        "29": 2.0, 
        "3": 9.0, 
        "30": 13.0, 
        "31": 0.0, 
        "32": 8.0, 
        "33": 0.0, 
        "34": 8.0, 
        "35": 10.0, 
        "36": 10.0, 
        "37": 0.0, 
        "38": 0.0, 
        "39": 0.0, 
        "4": 0.0, 
        "40": 1.0, 
        "41": 16.0, 
        "42": 0.0, 
        "43": 0.0, 
        "44": 0.0, 
        "45": 0.0, 
        "46": 11.0, 
        "47": 19.0, 
        "48": 6.0, 
        "49": 17.0, 
        "5": 14.0, 
        "50": 228.0, 
        "51": 0.0, 
        "52": 38.0, 
        "53": 0.0, 
        "54": 13.0, 
        "55": 0.0, 
        "56": 0.0, 
        "57": 10.0, 
        "58": 228.0, 
        "59": 39.0, 
        "6": 5.0, 
        "60": 215.0, 
        "61": 546.0, 
        "62": 12.0, 
        "63": 35.0769, 
        "64": 4387.91, 
        "65": 153914.0, 
        "7": 2.0, 
        "8": 8.0, 
        "9": 5.0
      }, 
      "main": {
        "1": 10.0, 
        "10": 1.0, 
        "11": 2.0, 
        "12": 0.0, 
        "13": 7.0, 
        "14": 1.0, 
        "15": 0.0, 
        "16": 12.0, 
        "17": 2.0, 
        "18": 0.0, 
        "19": 25.0, 
        "2": 4.0, 
        "20": 3.0, 
        "21": 29.0, 
        "22": 1.0, 
        "23": 0.0, 
        "24": 58.0, 
        "25": 7.25, 
        "26": 1.25, 
        "27": 2.0, 
        "28": 1.0, 
        "29": 2.0, 
        "3": 3.0, 
        "30": 5.0, 
        "31": 0.0, 
        "32": 3.0, 
        "33": 0.0, 
        "34": 12.0, 
        "35": 2.0, 
        "36": 8.0, 
        "37": 0.0, 
        "38": 0.0, 
        "39": 0.0, 
        "4": 0.0, 
        "40": 0.0, 
        "41": 3.0, 
        "42": 1.0, 
        "43": 18.0, 
        "44": 8.0, 
        "45": 8.0, 
        "46": 13.0, 
        "47": 7.0, 
        "48": 3.0, 
        "49": 24.0, 
        "5": 5.0, 
        "50": 102.0, 
        "51": 0.0, 
        "52": 28.0, 
        "53": 0.0, 
        "54": 25.0, 
        "55": 0.0, 
        "56": 0.0, 
        "57": 4.0, 
        "58": 127.0, 
        "59": 39.0, 
        "6": 3.0, 
        "60": 99.0, 
        "61": 430.0, 
        "62": 17.0, 
        "63": 27.6795, 
        "64": 3232.82, 
        "65": 89482.8, 
        "7": 0.0, 
        "8": 3.0, 
        "9": 1.0
      }
    }
  }
}
