{
  "features": {
    "program_static_milepost_features": {
      "astex_codelet__3": {
        "1": 16.0, 
        "10": 0.0, 
        "11": 4.0, 
        "12": 0.0, 
        "13": 12.0, 
        "14": 2.0, 
        "15": 0.0, 
        "16": 20.0, 
        "17": 2.0, 
        "18": 0.0, 
        "19": 4.0, 
        "2": 8.0, 
        "20": 5.0, 
        "21": 97.0, 
        "22": 9.0, 
        "23": 19.0, 
        "24": 109.0, 
        "25": 7.78571, 
        "26": 1.42857, 
        "27": 1.7, 
        "28": 3.0, 
        "29": 2.0, 
        "3": 5.0, 
        "30": 9.0, 
        "31": 0.0, 
        "32": 5.0, 
        "33": 0.0, 
        "34": 20.0, 
        "35": 6.0, 
        "36": 8.0, 
        "37": 0.0, 
        "38": 0.0, 
        "39": 0.0, 
        "4": 0.0, 
        "40": 0.0, 
        "41": 7.0, 
        "42": 0.0, 
        "43": 0.0, 
        "44": 0.0, 
        "45": 0.0, 
        "46": 5.0, 
        "47": 10.0, 
        "48": 4.0, 
        "49": 3.0, 
        "5": 9.0, 
        "50": 257.0, 
        "51": 0.0, 
        "52": 69.0, 
        "53": 0.0, 
        "54": 8.0, 
        "55": 0.0, 
        "56": 0.0, 
        "57": 6.0, 
        "58": 261.0, 
        "59": 72.0, 
        "6": 5.0, 
        "60": 242.0, 
        "61": 583.0, 
        "62": 16.0, 
        "63": 29.0, 
        "64": 5448.6, 
        "65": 158009.0, 
        "7": 0.0, 
        "8": 8.0, 
        "9": 1.0
      }, 
      "main": {
        "1": 10.0, 
        "10": 1.0, 
        "11": 2.0, 
        "12": 0.0, 
        "13": 7.0, 
        "14": 1.0, 
        "15": 0.0, 
        "16": 12.0, 
        "17": 2.0, 
        "18": 0.0, 
        "19": 13.0, 
        "2": 4.0, 
        "20": 3.0, 
        "21": 12.0, 
        "22": 1.0, 
        "23": 0.0, 
        "24": 29.0, 
        "25": 3.625, 
        "26": 1.0, 
        "27": 2.0, 
        "28": 2.0, 
        "29": 1.0, 
        "3": 3.0, 
        "30": 5.0, 
        "31": 0.0, 
        "32": 3.0, 
        "33": 0.0, 
        "34": 4.0, 
        "35": 1.0, 
        "36": 4.0, 
        "37": 0.0, 
        "38": 0.0, 
        "39": 0.0, 
        "4": 0.0, 
        "40": 0.0, 
        "41": 2.0, 
        "42": 1.0, 
        "43": 10.0, 
        "44": 4.0, 
        "45": 4.0, 
        "46": 10.0, 
        "47": 10.0, 
        "48": 4.0, 
        "49": 11.0, 
        "5": 5.0, 
        "50": 48.0, 
        "51": 0.0, 
        "52": 15.0, 
        "53": 0.0, 
        "54": 12.0, 
        "55": 0.0, 
        "56": 0.0, 
        "57": 4.0, 
        "58": 61.0, 
        "59": 26.0, 
        "6": 3.0, 
        "60": 45.0, 
        "61": 246.0, 
        "62": 18.0, 
        "63": 21.1154, 
        "64": 1675.07, 
        "65": 35369.8, 
        "7": 0.0, 
        "8": 3.0, 
        "9": 1.0
      }
    }
  }
}
