{
  "features": {
    "program_static_milepost_features": {
      "astex_codelet__10": {
        "1": 14.0, 
        "10": 3.0, 
        "11": 2.0, 
        "12": 0.0, 
        "13": 11.0, 
        "14": 1.0, 
        "15": 0.0, 
        "16": 18.0, 
        "17": 4.0, 
        "18": 0.0, 
        "19": 0.0, 
        "2": 6.0, 
        "20": 5.0, 
        "21": 42.0, 
        "22": 9.0, 
        "23": 0.0, 
        "24": 50.0, 
        "25": 4.16667, 
        "26": 1.08333, 
        "27": 1.84615, 
        "28": 6.0, 
        "29": 0.0, 
        "3": 5.0, 
        "30": 6.0, 
        "31": 0.0, 
        "32": 6.0, 
        "33": 0.0, 
        "34": 7.0, 
        "35": 12.0, 
        "36": 2.0, 
        "37": 0.0, 
        "38": 0.0, 
        "39": 0.0, 
        "4": 0.0, 
        "40": 9.0, 
        "41": 12.0, 
        "42": 0.0, 
        "43": 0.0, 
        "44": 0.0, 
        "45": 0.0, 
        "46": 7.0, 
        "47": 8.0, 
        "48": 10.0, 
        "49": 10.0, 
        "5": 7.0, 
        "50": 100.0, 
        "51": 0.0, 
        "52": 19.0, 
        "53": 0.0, 
        "54": 5.0, 
        "55": 0.0, 
        "56": 0.0, 
        "57": 6.0, 
        "58": 100.0, 
        "59": 20.0, 
        "6": 5.0, 
        "60": 87.0, 
        "61": 271.0, 
        "62": 11.0, 
        "63": 27.5, 
        "64": 1836.94, 
        "65": 50515.9, 
        "7": 0.0, 
        "8": 3.0, 
        "9": 3.0
      }, 
      "main": {
        "1": 10.0, 
        "10": 1.0, 
        "11": 2.0, 
        "12": 0.0, 
        "13": 7.0, 
        "14": 1.0, 
        "15": 0.0, 
        "16": 12.0, 
        "17": 2.0, 
        "18": 0.0, 
        "19": 13.0, 
        "2": 4.0, 
        "20": 3.0, 
        "21": 12.0, 
        "22": 1.0, 
        "23": 0.0, 
        "24": 29.0, 
        "25": 3.625, 
        "26": 0.75, 
        "27": 2.0, 
        "28": 3.0, 
        "29": 0.0, 
        "3": 3.0, 
        "30": 5.0, 
        "31": 0.0, 
        "32": 3.0, 
        "33": 0.0, 
        "34": 4.0, 
        "35": 1.0, 
        "36": 4.0, 
        "37": 0.0, 
        "38": 0.0, 
        "39": 0.0, 
        "4": 0.0, 
        "40": 0.0, 
        "41": 2.0, 
        "42": 1.0, 
        "43": 10.0, 
        "44": 4.0, 
        "45": 4.0, 
        "46": 10.0, 
        "47": 10.0, 
        "48": 3.0, 
        "49": 11.0, 
        "5": 5.0, 
        "50": 48.0, 
        "51": 0.0, 
        "52": 15.0, 
        "53": 0.0, 
        "54": 12.0, 
        "55": 0.0, 
        "56": 0.0, 
        "57": 4.0, 
        "58": 61.0, 
        "59": 26.0, 
        "6": 3.0, 
        "60": 45.0, 
        "61": 238.0, 
        "62": 17.0, 
        "63": 19.9423, 
        "64": 1621.51, 
        "65": 32336.7, 
        "7": 0.0, 
        "8": 3.0, 
        "9": 1.0
      }
    }
  }
}
