{
  "features": {
    "program_static_milepost_features": {
      "dequeue": {
        "1": 5.0, 
        "10": 0.0, 
        "11": 0.0, 
        "12": 0.0, 
        "13": 2.0, 
        "14": 1.0, 
        "15": 0.0, 
        "16": 5.0, 
        "17": 1.0, 
        "18": 0.0, 
        "19": 1.0, 
        "2": 1.0, 
        "20": 1.0, 
        "21": 17.0, 
        "22": 1.0, 
        "23": 0.0, 
        "24": 20.0, 
        "25": 6.66667, 
        "26": 0.0, 
        "27": 0.0, 
        "28": 0.0, 
        "29": 0.0, 
        "3": 1.0, 
        "30": 3.0, 
        "31": 0.0, 
        "32": 0.0, 
        "33": 0.0, 
        "34": 0.0, 
        "35": 0.0, 
        "36": 0.0, 
        "37": 0.0, 
        "38": 0.0, 
        "39": 0.0, 
        "4": 0.0, 
        "40": 0.0, 
        "41": 1.0, 
        "42": 0.0, 
        "43": 1.0, 
        "44": 0.0, 
        "45": 0.0, 
        "46": 1.0, 
        "47": 1.0, 
        "48": 0.0, 
        "49": 0.0, 
        "5": 2.0, 
        "50": 32.0, 
        "51": 8.0, 
        "52": 11.0, 
        "53": 2.0, 
        "54": 6.0, 
        "55": 1.0, 
        "56": 0.0, 
        "57": 2.0, 
        "58": 41.0, 
        "59": 19.0, 
        "6": 1.0, 
        "60": 33.0, 
        "61": 98.0, 
        "62": 15.0, 
        "63": 16.1842, 
        "64": 706.747, 
        "65": 11438.1, 
        "7": 0.0, 
        "8": 1.0, 
        "9": 1.0
      }, 
      "dijkstra": {
        "1": 36.0, 
        "10": 3.0, 
        "11": 6.0, 
        "12": 0.0, 
        "13": 31.0, 
        "14": 3.0, 
        "15": 0.0, 
        "16": 47.0, 
        "17": 6.0, 
        "18": 0.0, 
        "19": 8.0, 
        "2": 17.0, 
        "20": 14.0, 
        "21": 132.0, 
        "22": 13.0, 
        "23": 0.0, 
        "24": 155.0, 
        "25": 4.55882, 
        "26": 2.79412, 
        "27": 2.17895, 
        "28": 4.0, 
        "29": 7.0, 
        "3": 14.0, 
        "30": 23.0, 
        "31": 0.0, 
        "32": 11.0, 
        "33": 0.0, 
        "34": 10.0, 
        "35": 4.0, 
        "36": 1.0, 
        "37": 0.0, 
        "38": 0.0, 
        "39": 0.0, 
        "4": 0.0, 
        "40": 10.0, 
        "41": 9.0, 
        "42": 0.0, 
        "43": 4.0, 
        "44": 2.0, 
        "45": 3.0, 
        "46": 15.0, 
        "47": 19.0, 
        "48": 8.0, 
        "49": 10.0, 
        "5": 23.0, 
        "50": 286.0, 
        "51": 287.0, 
        "52": 58.0, 
        "53": 12.0, 
        "54": 25.0, 
        "55": 4.0, 
        "56": 0.0, 
        "57": 15.0, 
        "58": 466.0, 
        "59": 82.0, 
        "6": 10.0, 
        "60": 431.0, 
        "61": 1123.0, 
        "62": 19.0, 
        "63": 53.9878, 
        "64": 10573.8, 
        "65": 570854.0, 
        "7": 1.0, 
        "8": 13.0, 
        "9": 8.0
      }, 
      "enqueue": {
        "1": 11.0, 
        "10": 0.0, 
        "11": 1.0, 
        "12": 0.0, 
        "13": 9.0, 
        "14": 0.0, 
        "15": 0.0, 
        "16": 12.0, 
        "17": 0.0, 
        "18": 0.0, 
        "19": 3.0, 
        "2": 4.0, 
        "20": 3.0, 
        "21": 16.0, 
        "22": 1.0, 
        "23": 0.0, 
        "24": 23.0, 
        "25": 2.55556, 
        "26": 0.222222, 
        "27": 1.5, 
        "28": 2.0, 
        "29": 0.0, 
        "3": 3.0, 
        "30": 7.0, 
        "31": 2.0, 
        "32": 0.0, 
        "33": 0.0, 
        "34": 3.0, 
        "35": 0.0, 
        "36": 0.0, 
        "37": 0.0, 
        "38": 0.0, 
        "39": 0.0, 
        "4": 0.0, 
        "40": 1.0, 
        "41": 1.0, 
        "42": 0.0, 
        "43": 1.0, 
        "44": 1.0, 
        "45": 1.0, 
        "46": 4.0, 
        "47": 2.0, 
        "48": 3.0, 
        "49": 3.0, 
        "5": 7.0, 
        "50": 34.0, 
        "51": 9.0, 
        "52": 12.0, 
        "53": 3.0, 
        "54": 7.0, 
        "55": 2.0, 
        "56": 0.0, 
        "57": 4.0, 
        "58": 48.0, 
        "59": 23.0, 
        "6": 2.0, 
        "60": 36.0, 
        "61": 137.0, 
        "62": 17.0, 
        "63": 17.7391, 
        "64": 983.985, 
        "65": 17455.0, 
        "7": 0.0, 
        "8": 4.0, 
        "9": 2.0
      }, 
      "main": {
        "1": 21.0, 
        "10": 1.0, 
        "11": 5.0, 
        "12": 0.0, 
        "13": 17.0, 
        "14": 2.0, 
        "15": 0.0, 
        "16": 26.0, 
        "17": 2.0, 
        "18": 0.0, 
        "19": 28.0, 
        "2": 10.0, 
        "20": 7.0, 
        "21": 77.0, 
        "22": 21.0, 
        "23": 0.0, 
        "24": 113.0, 
        "25": 5.94737, 
        "26": 4.47368, 
        "27": 1.98824, 
        "28": 1.0, 
        "29": 6.0, 
        "3": 7.0, 
        "30": 12.0, 
        "31": 0.0, 
        "32": 7.0, 
        "33": 0.0, 
        "34": 19.0, 
        "35": 4.0, 
        "36": 1.0, 
        "37": 0.0, 
        "38": 0.0, 
        "39": 0.0, 
        "4": 0.0, 
        "40": 0.0, 
        "41": 17.0, 
        "42": 0.0, 
        "43": 18.0, 
        "44": 5.0, 
        "45": 13.0, 
        "46": 13.0, 
        "47": 25.0, 
        "48": 15.0, 
        "49": 14.0, 
        "5": 13.0, 
        "50": 224.0, 
        "51": 135.0, 
        "52": 57.0, 
        "53": 5.0, 
        "54": 31.0, 
        "55": 4.0, 
        "56": 0.0, 
        "57": 8.0, 
        "58": 335.0, 
        "59": 83.0, 
        "6": 6.0, 
        "60": 303.0, 
        "61": 940.0, 
        "62": 19.0, 
        "63": 38.3434, 
        "64": 8502.4, 
        "65": 326011.0, 
        "7": 0.0, 
        "8": 9.0, 
        "9": 2.0
      }, 
      "print_path": {
        "1": 21.0, 
        "10": 8.0, 
        "11": 0.0, 
        "12": 0.0, 
        "13": 19.0, 
        "14": 0.0, 
        "15": 0.0, 
        "16": 29.0, 
        "17": 9.0, 
        "18": 0.0, 
        "19": 19.0, 
        "2": 9.0, 
        "20": 9.0, 
        "21": 90.0, 
        "22": 9.0, 
        "23": 0.0, 
        "24": 119.0, 
        "25": 6.26316, 
        "26": 1.89474, 
        "27": 2.0, 
        "28": 0.0, 
        "29": 9.0, 
        "3": 9.0, 
        "30": 10.0, 
        "31": 0.0, 
        "32": 9.0, 
        "33": 0.0, 
        "34": 18.0, 
        "35": 9.0, 
        "36": 0.0, 
        "37": 0.0, 
        "38": 0.0, 
        "39": 0.0, 
        "4": 0.0, 
        "40": 0.0, 
        "41": 9.0, 
        "42": 0.0, 
        "43": 19.0, 
        "44": 0.0, 
        "45": 18.0, 
        "46": 0.0, 
        "47": 9.0, 
        "48": 0.0, 
        "49": 9.0, 
        "5": 10.0, 
        "50": 209.0, 
        "51": 27.0, 
        "52": 56.0, 
        "53": 1.0, 
        "54": 28.0, 
        "55": 1.0, 
        "56": 0.0, 
        "57": 10.0, 
        "58": 264.0, 
        "59": 62.0, 
        "6": 9.0, 
        "60": 224.0, 
        "61": 711.0, 
        "62": 18.0, 
        "63": 38.3226, 
        "64": 6160.3, 
        "65": 236079.0, 
        "7": 0.0, 
        "8": 1.0, 
        "9": 9.0
      }, 
      "qcount": {
        "1": 3.0, 
        "10": 0.0, 
        "11": 0.0, 
        "12": 0.0, 
        "13": 1.0, 
        "14": 0.0, 
        "15": 0.0, 
        "16": 2.0, 
        "17": 0.0, 
        "18": 0.0, 
        "19": 0.0, 
        "2": 0.0, 
        "20": 0.0, 
        "21": 1.0, 
        "22": 0.0, 
        "23": 0.0, 
        "24": 2.0, 
        "25": 2.0, 
        "26": 0.0, 
        "27": 0.0, 
        "28": 0.0, 
        "29": 0.0, 
        "3": 0.0, 
        "30": 1.0, 
        "31": 0.0, 
        "32": 0.0, 
        "33": 0.0, 
        "34": 0.0, 
        "35": 0.0, 
        "36": 0.0, 
        "37": 0.0, 
        "38": 0.0, 
        "39": 0.0, 
        "4": 0.0, 
        "40": 0.0, 
        "41": 0.0, 
        "42": 0.0, 
        "43": 0.0, 
        "44": 0.0, 
        "45": 0.0, 
        "46": 0.0, 
        "47": 0.0, 
        "48": 0.0, 
        "49": 0.0, 
        "5": 1.0, 
        "50": 2.0, 
        "51": 2.0, 
        "52": 1.0, 
        "53": 1.0, 
        "54": 0.0, 
        "55": 0.0, 
        "56": 0.0, 
        "57": 1.0, 
        "58": 3.0, 
        "59": 3.0,