{
  "features": {
    "program_static_milepost_features": {
      "astex_codelet__1": {
        "1": 26.0, 
        "10": 0.0, 
        "11": 8.0, 
        "12": 0.0, 
        "13": 24.0, 
        "14": 0.0, 
        "15": 0.0, 
        "16": 35.0, 
        "17": 7.0, 
        "18": 0.0, 
        "19": 0.0, 
        "2": 13.0, 
        "20": 10.0, 
        "21": 37.0, 
        "22": 21.0, 
        "23": 0.0, 
        "24": 50.0, 
        "25": 2.08333, 
        "26": 0.875, 
        "27": 2.04762, 
        "28": 8.0, 
        "29": 1.0, 
        "3": 10.0, 
        "30": 15.0, 
        "31": 0.0, 
        "32": 9.0, 
        "33": 0.0, 
        "34": 6.0, 
        "35": 4.0, 
        "36": 3.0, 
        "37": 0.0, 
        "38": 0.0, 
        "39": 0.0, 
        "4": 0.0, 
        "40": 0.0, 
        "41": 17.0, 
        "42": 0.0, 
        "43": 0.0, 
        "44": 0.0, 
        "45": 0.0, 
        "46": 9.0, 
        "47": 27.0, 
        "48": 3.0, 
        "49": 4.0, 
        "5": 15.0, 
        "50": 125.0, 
        "51": 0.0, 
        "52": 30.0, 
        "53": 0.0, 
        "54": 7.0, 
        "55": 0.0, 
        "56": 0.0, 
        "57": 11.0, 
        "58": 127.0, 
        "59": 33.0, 
        "6": 8.0, 
        "60": 62.0, 
        "61": 318.0, 
        "62": 14.0, 
        "63": 26.9394, 
        "64": 2470.36, 
        "65": 66549.9, 
        "7": 1.0, 
        "8": 12.0, 
        "9": 2.0
      }, 
      "main": {
        "1": 10.0, 
        "10": 1.0, 
        "11": 2.0, 
        "12": 0.0, 
        "13": 7.0, 
        "14": 1.0, 
        "15": 0.0, 
        "16": 12.0, 
        "17": 2.0, 
        "18": 0.0, 
        "19": 20.0, 
        "2": 4.0, 
        "20": 3.0, 
        "21": 21.0, 
        "22": 1.0, 
        "23": 0.0, 
        "24": 45.0, 
        "25": 5.625, 
        "26": 1.5, 
        "27": 2.0, 
        "28": 1.0, 
        "29": 2.0, 
        "3": 3.0, 
        "30": 5.0, 
        "31": 0.0, 
        "32": 3.0, 
        "33": 0.0, 
        "34": 9.0, 
        "35": 1.0, 
        "36": 6.0, 
        "37": 0.0, 
        "38": 0.0, 
        "39": 0.0, 
        "4": 0.0, 
        "40": 0.0, 
        "41": 2.0, 
        "42": 1.0, 
        "43": 14.0, 
        "44": 7.0, 
        "45": 6.0, 
        "46": 15.0, 
        "47": 13.0, 
        "48": 3.0, 
        "49": 18.0, 
        "5": 5.0, 
        "50": 78.0, 
        "51": 0.0, 
        "52": 23.0, 
        "53": 0.0, 
        "54": 20.0, 
        "55": 0.0, 
        "56": 0.0, 
        "57": 4.0, 
        "58": 98.0, 
        "59": 34.0, 
        "6": 3.0, 
        "60": 75.0, 
        "61": 368.0, 
        "62": 18.0, 
        "63": 25.9412, 
        "64": 2654.86, 
        "65": 68870.3, 
        "7": 0.0, 
        "8": 3.0, 
        "9": 1.0
      }
    }
  }
}
