{
  "features": {
    "program_static_milepost_features": {
      "absVal": {
        "1": 5.0, 
        "10": 0.0, 
        "11": 0.0, 
        "12": 0.0, 
        "13": 3.0, 
        "14": 0.0, 
        "15": 0.0, 
        "16": 5.0, 
        "17": 1.0, 
        "18": 0.0, 
        "19": 0.0, 
        "2": 1.0, 
        "20": 1.0, 
        "21": 2.0, 
        "22": 0.0, 
        "23": 1.0, 
        "24": 4.0, 
        "25": 1.33333, 
        "26": 0.333333, 
        "27": 2.0, 
        "28": 1.0, 
        "29": 0.0, 
        "3": 1.0, 
        "30": 2.0, 
        "31": 1.0, 
        "32": 0.0, 
        "33": 0.0, 
        "34": 1.0, 
        "35": 0.0, 
        "36": 0.0, 
        "37": 0.0, 
        "38": 0.0, 
        "39": 0.0, 
        "4": 0.0, 
        "40": 0.0, 
        "41": 0.0, 
        "42": 0.0, 
        "43": 0.0, 
        "44": 0.0, 
        "45": 0.0, 
        "46": 1.0, 
        "47": 0.0, 
        "48": 0.0, 
        "49": 0.0, 
        "5": 2.0, 
        "50": 8.0, 
        "51": 0.0, 
        "52": 2.0, 
        "53": 0.0, 
        "54": 0.0, 
        "55": 0.0, 
        "56": 0.0, 
        "57": 2.0, 
        "58": 8.0, 
        "59": 3.0, 
        "6": 1.0, 
        "60": 2.0, 
        "61": 21.0, 
        "62": 8.0, 
        "63": 10.6667, 
        "64": 100.265, 
        "65": 1069.5, 
        "7": 0.0, 
        "8": 1.0, 
        "9": 1.0
      }, 
      "cl_clean_up": {
        "1": 5.0, 
        "10": 0.0, 
        "11": 0.0, 
        "12": 0.0, 
        "13": 2.0, 
        "14": 1.0, 
        "15": 0.0, 
        "16": 5.0, 
        "17": 1.0, 
        "18": 0.0, 
        "19": 14.0, 
        "2": 1.0, 
        "20": 1.0, 
        "21": 27.0, 
        "22": 0.0, 
        "23": 0.0, 
        "24": 43.0, 
        "25": 14.3333, 
        "26": 0.0, 
        "27": 0.0, 
        "28": 0.0, 
        "29": 0.0, 
        "3": 1.0, 
        "30": 3.0, 
        "31": 0.0, 
        "32": 0.0, 
        "33": 0.0, 
        "34": 0.0, 
        "35": 0.0, 
        "36": 0.0, 
        "37": 0.0, 
        "38": 0.0, 
        "39": 0.0, 
        "4": 0.0, 
        "40": 0.0, 
        "41": 0.0, 
        "42": 0.0, 
        "43": 14.0, 
        "44": 0.0, 
        "45": 14.0, 
        "46": 2.0, 
        "47": 2.0, 
        "48": 0.0, 
        "49": 0.0, 
        "5": 2.0, 
        "50": 55.0, 
        "51": 52.0, 
        "52": 25.0, 
        "53": 12.0, 
        "54": 11.0, 
        "55": 11.0, 
        "56": 0.0, 
        "57": 2.0, 
        "58": 95.0, 
        "59": 46.0, 
        "6": 1.0, 
        "60": 81.0, 
        "61": 211.0, 
        "62": 13.0, 
        "63": 13.4239, 
        "64": 1799.04, 
        "65": 24150.2, 
        "7": 0.0, 
        "8": 1.0, 
        "9": 1.0
      }, 
      "cl_initialization": {
        "1": 22.0, 
        "10": 0.0, 
        "11": 6.0, 
        "12": 0.0, 
        "13": 20.0, 
        "14": 0.0, 
        "15": 0.0, 
        "16": 28.0, 
        "17": 2.0, 
        "18": 0.0, 
        "19": 19.0, 
        "2": 12.0, 
        "20": 7.0, 
        "21": 27.0, 
        "22": 0.0, 
        "23": 0.0, 
        "24": 54.0, 
        "25": 2.7, 
        "26": 2.7, 
        "27": 2.0, 
        "28": 0.0, 
        "29": 6.0, 
        "3": 7.0, 
        "30": 14.0, 
        "31": 0.0, 
        "32": 6.0, 
        "33": 0.0, 
        "34": 5.0, 
        "35": 0.0, 
        "36": 0.0, 
        "37": 0.0, 
        "38": 0.0, 
        "39": 0.0, 
        "4": 0.0, 
        "40": 0.0, 
        "41": 0.0, 
        "42": 5.0, 
        "43": 19.0, 
        "44": 2.0, 
        "45": 17.0, 
        "46": 21.0, 
        "47": 20.0, 
        "48": 3.0, 
        "49": 5.0, 
        "5": 13.0, 
        "50": 59.0, 
        "51": 252.0, 
        "52": 18.0, 
        "53": 8.0, 
        "54": 10.0, 
        "55": 4.0, 
        "56": 0.0, 
        "57": 8.0, 
        "58": 204.0, 
        "59": 35.0, 
        "6": 7.0, 
        "60": 185.0, 
        "61": 564.0, 
        "62": 15.0, 
        "63": 43.7143, 
        "64": 4331.97, 
        "65": 189369.0, 
        "7": 0.0, 
        "8": 12.0, 
        "9": 1.0
      }, 
      "cl_launch_kernel": {
        "1": 15.0, 
        "10": 0.0, 
        "11": 0.0, 
        "12": 0.0, 
        "13": 10.0, 
        "14": 3.0, 
        "15": 0.0, 
        "16": 14.0, 
        "17": 0.0, 
        "18": 0.0, 
        "19": 31.0, 
        "2": 0.0, 
        "20": 6.0, 
        "21": 78.0, 
        "22": 10.0, 
        "23": 0.0, 
        "24": 116.0, 
        "25": 8.92308, 
        "26": 0.0, 
        "27": 0.0, 
        "28": 0.0, 
        "29": 0.0, 
        "3": 6.0, 
        "30": 13.0, 
        "31": 0.0, 
        "32": 0.0, 
        "33": 0.0, 
        "34": 0.0, 
        "35": 0.0, 
        "36": 0.0, 
        "37": 0.0, 
        "38": 0.0, 
        "39": 0.0, 
        "4": 0.0, 
        "40": 14.0, 
        "41": 0.0, 
        "42": 3.0, 
        "43": 25.0, 
        "44": 0.0, 
        "45": 25.0, 
        "46": 33.0, 
        "47": 51.0, 
        "48": 21.0, 
        "49": 25.0, 
        "5": 13.0, 
        "50": 160.0, 
        "51": 110.0, 
        "52": 39.0, 
        "53": 9.0, 
        "54": 4.0, 
        "55": 7.0, 
        "56": 0.0, 
        "57": 7.0, 
        "58": 246.0, 
        "59": 55.0, 
        "6": 0.0, 
        "60": 215.0, 
        "61": 615.0, 
        "62": 15.0, 
        "63": 33.5455, 
        "64": 5274.25, 
        "65": 176927.0, 
        "7": 0.0, 
        "8": 0.0, 
        "9": 6.0
      }, 
      "cl_load_prog": {
        "1": 13.0, 
        "10": 0.0, 
        "11": 0.0, 
        "12": 0.0, 
        "13": 11.0, 
        "14": 0.0, 
        "15": 0.0, 
        "16": 12.0, 
        "17": 0.0, 
        "18": 0.0, 
        "19": 18.0, 
        "2": 0.0, 
        "20": 5.0, 
        "21": 21.0, 
        "22": 0.0, 
        "23": 0.0, 
        "24": 45.0, 
        "25": 4.09091, 
        "26": 0.0, 
        "27": 0.0, 
        "28": 0.0, 
        "29": 0.0, 
        "3": 5.0, 
        "30": 11.0, 
        "31": 0.0, 
        "32": 0.0, 
        "33": 0.0, 
        "34": 2.0, 
        "35": 0.0, 
        "36": 0.0, 
        "37": 0.0, 
        "38": 0.0, 
        "39": 0.0, 
        "4": 0.0, 
        "40": 0.0, 
        "41": 0.0, 
        "42": 3.0, 
        "43": 13.0, 
        "44": 4.0, 
        "45": 9.0, 
        "46": 15.0, 
        "47": 17.0, 
        "48": 7.0, 
        "49": 5.0, 
        "5": 11.0, 
        "50": 48.0, 
        "51": 46.0, 
        "52": 14.0, 
        "53": 10.0, 
        "54": 10.0, 
        "55": 8.0, 
        "56": 0.0, 
        "57": 6.0, 
        "58": 89.0, 
        "59": 33.0, 
        "6": 0.0, 
        "60": 71.0, 
        "61": 294.0, 
        "62": 14.0, 
        "63": 18.8788, 
        "64": 2126.17, 
        "65": 40139.6, 
        "7": 0.0, 
        "8": 0.0, 
        "9": 5.0
      }, 
      "cl_mem_init": {
        "1": 7.0, 
        "10": 0.0, 
        "11": 1.0, 
        "12": 0.0, 
        "13": 5.0, 
        "14": 0.0, 
        "15": 0.0, 
        "16": 8.0, 
        "17": 2.0, 
        "18": 0.0, 
        "19": 8.0, 
        "2": 2.0, 
        "20": 2.0, 
        "21": 17.0, 
        "22": 0.0, 
        "23": 0.0, 
        "24": 28.0, 
        "25": 5.6, 
        "26": 1.6, 
        "27": 2.0, 
        "28": 0.0, 
        "29": 1.0, 
        "3": 2.0, 
        "30": 4.0, 
        "31": 0.0, 
        "32": 1.0, 
        "33": 0.0, 
        "34": 0.0, 
        "35": 0.0, 
        "36": 0.0, 
        "37": 0.0, 
        "38": 0.0, 
        "39": 0.0, 
        "4": 0.0, 
        "40": 0.0, 
        "41": 0.0, 
        "42": 6.0, 
        "43": 8.0, 
        "44": 3.0, 
        "45": 5.0, 
        "46": 19.0, 
        "47": 10.0, 
        "48": 6.0, 
        "49": 12.0, 
        "5": 3.0, 
        "50": 38.0, 
        "51": 62.0, 
        "52": 15.0, 
        "53": 6.0, 
        "54": 11.0, 
        "55": 5.0, 
        "56": 0.0, 
        "57": 3.0, 
        "58": 77.0, 
        "59": 25.0,