{
  "features": {
    "program_static_milepost_features": {
      "absVal": {
        "1": 5.0, 
        "10": 0.0, 
        "11": 0.0, 
        "12": 0.0, 
        "13": 3.0, 
        "14": 0.0, 
        "15": 0.0, 
        "16": 5.0, 
        "17": 1.0, 
        "18": 0.0, 
        "19": 0.0, 
        "2": 1.0, 
        "20": 1.0, 
        "21": 2.0, 
        "22": 0.0, 
        "23": 1.0, 
        "24": 4.0, 
        "25": 1.33333, 
        "26": 0.333333, 
        "27": 2.0, 
        "28": 1.0, 
        "29": 0.0, 
        "3": 1.0, 
        "30": 2.0, 
        "31": 1.0, 
        "32": 0.0, 
        "33": 0.0, 
        "34": 1.0, 
        "35": 0.0, 
        "36": 0.0, 
        "37": 0.0, 
        "38": 0.0, 
        "39": 0.0, 
        "4": 0.0, 
        "40": 0.0, 
        "41": 0.0, 
        "42": 0.0, 
        "43": 0.0, 
        "44": 0.0, 
        "45": 0.0, 
        "46": 1.0, 
        "47": 0.0, 
        "48": 0.0, 
        "49": 0.0, 
        "5": 2.0, 
        "50": 8.0, 
        "51": 0.0, 
        "52": 2.0, 
        "53": 0.0, 
        "54": 0.0, 
        "55": 0.0, 
        "56": 0.0, 
        "57": 2.0, 
        "58": 8.0, 
        "59": 3.0, 
        "6": 1.0, 
        "60": 2.0, 
        "61": 21.0, 
        "62": 8.0, 
        "63": 10.6667, 
        "64": 100.265, 
        "65": 1069.5, 
        "7": 0.0, 
        "8": 1.0, 
        "9": 1.0
      }, 
      "bicg_cpu": {
        "1": 12.0, 
        "10": 0.0, 
        "11": 3.0, 
        "12": 0.0, 
        "13": 9.0, 
        "14": 1.0, 
        "15": 0.0, 
        "16": 14.0, 
        "17": 0.0, 
        "18": 0.0, 
        "19": 0.0, 
        "2": 6.0, 
        "20": 3.0, 
        "21": 45.0, 
        "22": 9.0, 
        "23": 4.0, 
        "24": 49.0, 
        "25": 4.9, 
        "26": 0.7, 
        "27": 1.85714, 
        "28": 4.0, 
        "29": 0.0, 
        "3": 3.0, 
        "30": 6.0, 
        "31": 0.0, 
        "32": 4.0, 
        "33": 0.0, 
        "34": 4.0, 
        "35": 6.0, 
        "36": 6.0, 
        "37": 0.0, 
        "38": 0.0, 
        "39": 0.0, 
        "4": 0.0, 
        "40": 0.0, 
        "41": 8.0, 
        "42": 0.0, 
        "43": 0.0, 
        "44": 0.0, 
        "45": 0.0, 
        "46": 4.0, 
        "47": 11.0, 
        "48": 3.0, 
        "49": 4.0, 
        "5": 7.0, 
        "50": 105.0, 
        "51": 0.0, 
        "52": 30.0, 
        "53": 0.0, 
        "54": 11.0, 
        "55": 0.0, 
        "56": 0.0, 
        "57": 4.0, 
        "58": 105.0, 
        "59": 31.0, 
        "6": 3.0, 
        "60": 99.0, 
        "61": 254.0, 
        "62": 11.0, 
        "63": 18.629, 
        "64": 1934.72, 
        "65": 36041.9, 
        "7": 0.0, 
        "8": 6.0, 
        "9": 0.0
      }, 
      "cl_clean_up": {
        "1": 5.0, 
        "10": 0.0, 
        "11": 0.0, 
        "12": 0.0, 
        "13": 2.0, 
        "14": 1.0, 
        "15": 0.0, 
        "16": 5.0, 
        "17": 1.0, 
        "18": 0.0, 
        "19": 13.0, 
        "2": 1.0, 
        "20": 1.0, 
        "21": 25.0, 
        "22": 0.0, 
        "23": 0.0, 
        "24": 40.0, 
        "25": 13.3333, 
        "26": 0.0, 
        "27": 0.0, 
        "28": 0.0, 
        "29": 0.0, 
        "3": 1.0, 
        "30": 3.0, 
        "31": 0.0, 
        "32": 0.0, 
        "33": 0.0, 
        "34": 0.0, 
        "35": 0.0, 
        "36": 0.0, 
        "37": 0.0, 
        "38": 0.0, 
        "39": 0.0, 
        "4": 0.0, 
        "40": 0.0, 
        "41": 0.0, 
        "42": 0.0, 
        "43": 13.0, 
        "44": 0.0, 
        "45": 13.0, 
        "46": 2.0, 
        "47": 2.0, 
        "48": 0.0, 
        "49": 0.0, 
        "5": 2.0, 
        "50": 51.0, 
        "51": 48.0, 
        "52": 23.0, 
        "53": 11.0, 
        "54": 10.0, 
        "55": 10.0, 
        "56": 0.0, 
        "57": 2.0, 
        "58": 88.0, 
        "59": 43.0, 
        "6": 1.0, 
        "60": 75.0, 
        "61": 198.0, 
        "62": 13.0, 
        "63": 13.3023, 
        "64": 1659.94, 
        "65": 22081.1, 
        "7": 0.0, 
        "8": 1.0, 
        "9": 1.0
      }, 
      "cl_initialization": {
        "1": 22.0, 
        "10": 0.0, 
        "11": 6.0, 
        "12": 0.0, 
        "13": 20.0, 
        "14": 0.0, 
        "15": 0.0, 
        "16": 28.0, 
        "17": 2.0, 
        "18": 0.0, 
        "19": 19.0, 
        "2": 12.0, 
        "20": 7.0, 
        "21": 27.0, 
        "22": 0.0, 
        "23": 0.0, 
        "24": 54.0, 
        "25": 2.7, 
        "26": 2.7, 
        "27": 2.0, 
        "28": 0.0, 
        "29": 6.0, 
        "3": 7.0, 
        "30": 14.0, 
        "31": 0.0, 
        "32": 6.0, 
        "33": 0.0, 
        "34": 5.0, 
        "35": 0.0, 
        "36": 0.0, 
        "37": 0.0, 
        "38": 0.0, 
        "39": 0.0, 
        "4": 0.0, 
        "40": 0.0, 
        "41": 0.0, 
        "42": 5.0, 
        "43": 19.0, 
        "44": 2.0, 
        "45": 17.0, 
        "46": 21.0, 
        "47": 20.0, 
        "48": 3.0, 
        "49": 5.0, 
        "5": 13.0, 
        "50": 59.0, 
        "51": 252.0, 
        "52": 18.0, 
        "53": 8.0, 
        "54": 10.0, 
        "55": 4.0, 
        "56": 0.0, 
        "57": 8.0, 
        "58": 204.0, 
        "59": 35.0, 
        "6": 7.0, 
        "60": 185.0, 
        "61": 564.0, 
        "62": 15.0, 
        "63": 43.7143, 
        "64": 4331.97, 
        "65": 189369.0, 
        "7": 0.0, 
        "8": 12.0, 
        "9": 1.0
      }, 
      "cl_launch_kernel": {
        "1": 11.0, 
        "10": 0.0, 
        "11": 0.0, 
        "12": 0.0, 
        "13": 7.0, 
        "14": 2.0, 
        "15": 0.0, 
        "16": 10.0, 
        "17": 0.0, 
        "18": 0.0, 
        "19": 22.0, 
        "2": 0.0, 
        "20": 4.0, 
        "21": 56.0, 
        "22": 8.0, 
        "23": 0.0, 
        "24": 83.0, 
        "25": 9.22222, 
        "26": 0.0, 
        "27": 0.0, 
        "28": 0.0, 
        "29": 0.0, 
        "3": 4.0, 
        "30": 9.0, 
        "31": 0.0, 
        "32": 0.0, 
        "33": 0.0, 
        "34": 0.0, 
        "35": 0.0, 
        "36": 0.0, 
        "37": 0.0, 
        "38": 0.0, 
        "39": 0.0, 
        "4": 0.0, 
        "40": 8.0, 
        "41": 0.0, 
        "42": 2.0, 
        "43": 18.0, 
        "44": 0.0, 
        "45": 18.0, 
        "46": 21.0, 
        "47": 34.0, 
        "48": 14.0, 
        "49": 16.0, 
        "5": 9.0, 
        "50": 116.0, 
        "51": 84.0, 
        "52": 28.0, 
        "53": 9.0, 
        "54": 3.0, 
        "55": 8.0, 
        "56": 0.0, 
        "57": 5.0, 
        "58": 180.0, 
        "59": 43.0, 
        "6": 0.0, 
        "60": 158.0, 
        "61": 449.0, 
        "62": 14.0, 
        "63": 29.3023, 
        "64": 3666.76, 
        "65": 107445.0, 
        "7": 0.0, 
        "8": 0.0, 
        "9": 4.0
      }, 
      "cl_load_prog": {
        "1": 11.0, 
        "10": 0.0, 
        "11": 0.0, 
        "12": 0.0, 
        "13": 9.0, 
        "14": 0.0, 
        "15": 0.0, 
        "16": 10.0, 
        "17": 0.0, 
        "18": 0.0, 
        "19": 15.0, 
        "2": 0.0, 
        "20": 4.0, 
        "21": 18.0, 
        "22": 0.0, 
        "23": 0.0, 
        "24": 38.0, 
        "25": 4.22222, 
        "26": 0.0, 
        "27": 0.0, 
        "28": 0.0, 
        "29": 0.0, 
        "3": 4.0, 
        "30": 9.0, 
        "31": 0.0, 
        "32": 0.0, 
        "33": 0.0, 
        "34": 2.0, 
        "35": 0.0, 
        "36": 0.0, 
        "37": 0.0, 
        "38": 0.0, 
        "39": 0.0, 
        "4": 0.0, 
        "40": 0.0, 
        "41": 0.0, 
        "42": 3.0, 
        "43": 11.0, 
        "44": 3.0, 
        "45": 8.0, 
        "46": 12.0, 
        "47": 14.0, 
        "48": 6.0, 
        "49": 4.0, 
        "5": 9.0, 
        "50": 42.0, 
        "51": 38.0, 
        "52": 13.0, 
        "53": 9.0, 
        "54": 9.0, 
        "55": 7.0, 
        "56": 0.0, 
        "57": 5.0, 
        "58": 76.0, 
        "59": 31.0, 
        "6": 0.0,