{
  "features": {
    "program_static_milepost_features": {
      "astex_codelet__2": {
        "1": 86.0, 
        "10": 17.0, 
        "11": 16.0, 
        "12": 0.0, 
        "13": 76.0, 
        "14": 8.0, 
        "15": 0.0, 
        "16": 118.0, 
        "17": 16.0, 
        "18": 0.0, 
        "19": 0.0, 
        "2": 50.0, 
        "20": 33.0, 
        "21": 251.0, 
        "22": 81.0, 
        "23": 0.0, 
        "24": 287.0, 
        "25": 3.41667, 
        "26": 0.416667, 
        "27": 2.0, 
        "28": 33.0, 
        "29": 0.0, 
        "3": 33.0, 
        "30": 51.0, 
        "31": 0.0, 
        "32": 33.0, 
        "33": 0.0, 
        "34": 88.0, 
        "35": 15.0, 
        "36": 17.0, 
        "37": 0.0, 
        "38": 0.0, 
        "39": 0.0, 
        "4": 0.0, 
        "40": 7.0, 
        "41": 64.0, 
        "42": 0.0, 
        "43": 0.0, 
        "44": 0.0, 
        "45": 0.0, 
        "46": 17.0, 
        "47": 25.0, 
        "48": 1.0, 
        "49": 79.0, 
        "5": 51.0, 
        "50": 596.0, 
        "51": 0.0, 
        "52": 25.0, 
        "53": 0.0, 
        "54": 5.0, 
        "55": 0.0, 
        "56": 0.0, 
        "57": 34.0, 
        "58": 596.0, 
        "59": 26.0, 
        "6": 33.0, 
        "60": 504.0, 
        "61": 1369.0, 
        "62": 11.0, 
        "63": 126.077, 
        "64": 10230.6, 
        "65": 1289850.0, 
        "7": 0.0, 
        "8": 33.0, 
        "9": 17.0
      }, 
      "main": {
        "1": 10.0, 
        "10": 1.0, 
        "11": 2.0, 
        "12": 0.0, 
        "13": 7.0, 
        "14": 1.0, 
        "15": 0.0, 
        "16": 12.0, 
        "17": 2.0, 
        "18": 0.0, 
        "19": 16.0, 
        "2": 4.0, 
        "20": 3.0, 
        "21": 17.0, 
        "22": 1.0, 
        "23": 0.0, 
        "24": 37.0, 
        "25": 4.625, 
        "26": 1.0, 
        "27": 2.0, 
        "28": 2.0, 
        "29": 1.0, 
        "3": 3.0, 
        "30": 5.0, 
        "31": 0.0, 
        "32": 3.0, 
        "33": 0.0, 
        "34": 6.0, 
        "35": 2.0, 
        "36": 5.0, 
        "37": 0.0, 
        "38": 0.0, 
        "39": 0.0, 
        "4": 0.0, 
        "40": 0.0, 
        "41": 3.0, 
        "42": 1.0, 
        "43": 12.0, 
        "44": 5.0, 
        "45": 5.0, 
        "46": 10.0, 
        "47": 8.0, 
        "48": 3.0, 
        "49": 16.0, 
        "5": 5.0, 
        "50": 63.0, 
        "51": 0.0, 
        "52": 19.0, 
        "53": 0.0, 
        "54": 16.0, 
        "55": 0.0, 
        "56": 0.0, 
        "57": 4.0, 
        "58": 79.0, 
        "59": 30.0, 
        "6": 3.0, 
        "60": 60.0, 
        "61": 292.0, 
        "62": 17.0, 
        "63": 22.3833, 
        "64": 2059.56, 
        "65": 46099.7, 
        "7": 0.0, 
        "8": 3.0, 
        "9": 1.0
      }
    }
  }
}
