{
  "features": {
    "program_static_milepost_features": {
      "astex_codelet__17": {
        "1": 77.0, 
        "10": 3.0, 
        "11": 20.0, 
        "12": 0.0, 
        "13": 70.0, 
        "14": 5.0, 
        "15": 0.0, 
        "16": 108.0, 
        "17": 15.0, 
        "18": 0.0, 
        "19": 3.0, 
        "2": 42.0, 
        "20": 32.0, 
        "21": 420.0, 
        "22": 44.0, 
        "23": 53.0, 
        "24": 457.0, 
        "25": 6.09333, 
        "26": 1.13333, 
        "27": 2.14118, 
        "28": 21.0, 
        "29": 9.0, 
        "3": 32.0, 
        "30": 45.0, 
        "31": 0.0, 
        "32": 30.0, 
        "33": 0.0, 
        "34": 21.0, 
        "35": 50.0, 
        "36": 34.0, 
        "37": 0.0, 
        "38": 0.0, 
        "39": 0.0, 
        "4": 0.0, 
        "40": 5.0, 
        "41": 46.0, 
        "42": 0.0, 
        "43": 0.0, 
        "44": 0.0, 
        "45": 0.0, 
        "46": 36.0, 
        "47": 46.0, 
        "48": 20.0, 
        "49": 30.0, 
        "5": 50.0, 
        "50": 1076.0, 
        "51": 0.0, 
        "52": 196.0, 
        "53": 0.0, 
        "54": 71.0, 
        "55": 0.0, 
        "56": 0.0, 
        "57": 33.0, 
        "58": 1084.0, 
        "59": 202.0, 
        "6": 23.0, 
        "60": 1008.0, 
        "61": 2546.0, 
        "62": 22.0, 
        "63": 59.0297, 
        "64": 28324.2, 
        "65": 1671970.0, 
        "7": 2.0, 
        "8": 38.0, 
        "9": 11.0
      }, 
      "main": {
        "1": 10.0, 
        "10": 1.0, 
        "11": 2.0, 
        "12": 0.0, 
        "13": 7.0, 
        "14": 1.0, 
        "15": 0.0, 
        "16": 12.0, 
        "17": 2.0, 
        "18": 0.0, 
        "19": 104.0, 
        "2": 4.0, 
        "20": 3.0, 
        "21": 141.0, 
        "22": 1.0, 
        "23": 0.0, 
        "24": 249.0, 
        "25": 31.125, 
        "26": 2.0, 
        "27": 2.0, 
        "28": 1.0, 
        "29": 2.0, 
        "3": 3.0, 
        "30": 5.0, 
        "31": 0.0, 
        "32": 3.0, 
        "33": 0.0, 
        "34": 73.0, 
        "35": 1.0, 
        "36": 34.0, 
        "37": 0.0, 
        "38": 0.0, 
        "39": 0.0, 
        "4": 0.0, 
        "40": 0.0, 
        "41": 2.0, 
        "42": 1.0, 
        "43": 70.0, 
        "44": 35.0, 
        "45": 34.0, 
        "46": 41.0, 
        "47": 11.0, 
        "48": 3.0, 
        "49": 102.0, 
        "5": 5.0, 
        "50": 458.0, 
        "51": 0.0, 
        "52": 115.0, 
        "53": 0.0, 
        "54": 112.0, 
        "55": 0.0, 
        "56": 0.0, 
        "57": 4.0, 
        "58": 562.0, 
        "59": 126.0, 
        "6": 3.0, 
        "60": 455.0, 
        "61": 1618.0, 
        "62": 18.0, 
        "63": 40.1429, 
        "64": 15621.4, 
        "65": 627086.0, 
        "7": 0.0, 
        "8": 3.0, 
        "9": 1.0
      }
    }
  }
}
