{
  "features": {
    "program_static_milepost_features": {
      "main": {
        "1": 8.0, 
        "10": 1.0, 
        "11": 1.0, 
        "12": 0.0, 
        "13": 6.0, 
        "14": 0.0, 
        "15": 0.0, 
        "16": 9.0, 
        "17": 1.0, 
        "18": 0.0, 
        "19": 9.0, 
        "2": 3.0, 
        "20": 2.0, 
        "21": 1.0, 
        "22": 1.0, 
        "23": 0.0, 
        "24": 13.0, 
        "25": 2.16667, 
        "26": 1.33333, 
        "27": 2.0, 
        "28": 1.0, 
        "29": 1.0, 
        "3": 2.0, 
        "30": 4.0, 
        "31": 0.0, 
        "32": 2.0, 
        "33": 0.0, 
        "34": 0.0, 
        "35": 0.0, 
        "36": 0.0, 
        "37": 0.0, 
        "38": 0.0, 
        "39": 0.0, 
        "4": 0.0, 
        "40": 0.0, 
        "41": 1.0, 
        "42": 0.0, 
        "43": 4.0, 
        "44": 2.0, 
        "45": 2.0, 
        "46": 10.0, 
        "47": 8.0, 
        "48": 4.0, 
        "49": 5.0, 
        "5": 4.0, 
        "50": 17.0, 
        "51": 0.0, 
        "52": 8.0, 
        "53": 0.0, 
        "54": 3.0, 
        "55": 0.0, 
        "56": 0.0, 
        "57": 3.0, 
        "58": 26.0, 
        "59": 17.0, 
        "6": 2.0, 
        "60": 15.0, 
        "61": 121.0, 
        "62": 15.0, 
        "63": 11.4706, 
        "64": 734.573, 
        "65": 8425.99, 
        "7": 0.0, 
        "8": 2.0, 
        "9": 1.0
      }, 
      "main1": {
        "1": 13.0, 
        "10": 1.0, 
        "11": 1.0, 
        "12": 0.0, 
        "13": 11.0, 
        "14": 0.0, 
        "15": 0.0, 
        "16": 16.0, 
        "17": 3.0, 
        "18": 0.0, 
        "19": 8.0, 
        "2": 4.0, 
        "20": 5.0, 
        "21": 10.0, 
        "22": 1.0, 
        "23": 0.0, 
        "24": 24.0, 
        "25": 2.18182, 
        "26": 1.45455, 
        "27": 1.875, 
        "28": 1.0, 
        "29": 2.0, 
        "3": 5.0, 
        "30": 8.0, 
        "31": 0.0, 
        "32": 3.0, 
        "33": 0.0, 
        "34": 4.0, 
        "35": 1.0, 
        "36": 2.0, 
        "37": 0.0, 
        "38": 0.0, 
        "39": 0.0, 
        "4": 0.0, 
        "40": 0.0, 
        "41": 2.0, 
        "42": 0.0, 
        "43": 7.0, 
        "44": 1.0, 
        "45": 2.0, 
        "46": 5.0, 
        "47": 7.0, 
        "48": 2.0, 
        "49": 1.0, 
        "5": 8.0, 
        "50": 44.0, 
        "51": 10.0, 
        "52": 11.0, 
        "53": 2.0, 
        "54": 8.0, 
        "55": 2.0, 
        "56": 0.0, 
        "57": 6.0, 
        "58": 62.0, 
        "59": 20.0, 
        "6": 2.0, 
        "60": 38.0, 
        "61": 202.0, 
        "62": 16.0, 
        "63": 24.8, 
        "64": 1364.07, 
        "65": 33828.9, 
        "7": 1.0, 
        "8": 3.0, 
        "9": 4.0
      }, 
      "sha_final": {
        "1": 12.0, 
        "10": 1.0, 
        "11": 2.0, 
        "12": 0.0, 
        "13": 8.0, 
        "14": 2.0, 
        "15": 0.0, 
        "16": 14.0, 
        "17": 0.0, 
        "18": 0.0, 
        "19": 5.0, 
        "2": 6.0, 
        "20": 3.0, 
        "21": 62.0, 
        "22": 7.0, 
        "23": 0.0, 
        "24": 71.0, 
        "25": 7.1, 
        "26": 1.3, 
        "27": 2.0, 
        "28": 1.0, 
        "29": 2.0, 
        "3": 3.0, 
        "30": 7.0, 
        "31": 0.0, 
        "32": 3.0, 
        "33": 0.0, 
        "34": 9.0, 
        "35": 11.0, 
        "36": 8.0, 
        "37": 3.0, 
        "38": 0.0, 
        "39": 0.0, 
        "4": 0.0, 
        "40": 3.0, 
        "41": 15.0, 
        "42": 0.0, 
        "43": 5.0, 
        "44": 3.0, 
        "45": 0.0, 
        "46": 7.0, 
        "47": 19.0, 
        "48": 5.0, 
        "49": 11.0, 
        "5": 7.0, 
        "50": 140.0, 
        "51": 0.0, 
        "52": 36.0, 
        "53": 0.0, 
        "54": 14.0, 
        "55": 0.0, 
        "56": 0.0, 
        "57": 4.0, 
        "58": 152.0, 
        "59": 42.0, 
        "6": 3.0, 
        "60": 131.0, 
        "61": 427.0, 
        "62": 18.0, 
        "63": 32.5714, 
        "64": 3418.1, 
        "65": 111333.0, 
        "7": 0.0, 
        "8": 5.0, 
        "9": 1.0
      }, 
      "sha_init": {
        "1": 3.0, 
        "10": 0.0, 
        "11": 0.0, 
        "12": 0.0, 
        "13": 1.0, 
        "14": 0.0, 
        "15": 0.0, 
        "16": 2.0, 
        "17": 0.0, 
        "18": 0.0, 
        "19": 0.0, 
        "2": 0.0, 
        "20": 0.0, 
        "21": 7.0, 
        "22": 0.0, 
        "23": 0.0, 
        "24": 8.0, 
        "25": 8.0, 
        "26": 0.0, 
        "27": 0.0, 
        "28": 0.0, 
        "29": 0.0, 
        "3": 0.0, 
        "30": 1.0, 
        "31": 0.0, 
        "32": 0.0, 
        "33": 0.0, 
        "34": 0.0, 
        "35": 0.0, 
        "36": 0.0, 
        "37": 0.0, 
        "38": 0.0, 
        "39": 0.0, 
        "4": 0.0, 
        "40": 7.0, 
        "41": 0.0, 
        "42": 0.0, 
        "43": 0.0, 
        "44": 0.0, 
        "45": 0.0, 
        "46": 3.0, 
        "47": 5.0, 
        "48": 1.0, 
        "49": 7.0, 
        "5": 1.0, 
        "50": 7.0, 
        "51": 0.0, 
        "52": 1.0, 
        "53": 0.0, 
        "54": 1.0, 
        "55": 0.0, 
        "56": 0.0, 
        "57": 1.0, 
        "58": 14.0, 
        "59": 5.0, 
        "6": 0.0, 
        "60": 0.0, 
        "61": 58.0, 
        "62": 12.0, 
        "63": 16.8, 
        "64": 294.127, 
        "65": 4941.33, 
        "7": 0.0, 
        "8": 0.0, 
        "9": 0.0
      }, 
      "sha_print": {
        "1": 3.0, 
        "10": 0.0, 
        "11": 0.0, 
        "12": 0.0, 
        "13": 1.0, 
        "14": 0.0, 
        "15": 0.0, 
        "16": 2.0, 
        "17": 0.0, 
        "18": 0.0, 
        "19": 1.0, 
        "2": 0.0, 
        "20": 0.0, 
        "21": 6.0, 
        "22": 0.0, 
        "23": 0.0, 
        "24": 8.0, 
        "25": 8.0, 
        "26": 0.0, 
        "27": 0.0, 
        "28": 0.0, 
        "29": 0.0, 
        "3": 0.0, 
        "30": 1.0, 
        "31": 0.0, 
        "32": 0.0, 
        "33": 0.0, 
        "34": 1.0, 
        "35": 0.0, 
        "36": 0.0, 
        "37": 0.0, 
        "38": 0.0, 
        "39": 0.0, 
        "4": 0.0, 
        "40": 0.0, 
        "41": 0.0, 
        "42": 1.0, 
        "43": 1.0, 
        "44": 0.0, 
        "45": 1.0, 
        "46": 1.0, 
        "47": 5.0, 
        "48": 1.0, 
        "49": 0.0, 
        "5": 1.0, 
        "50": 17.0, 
        "51": 0.0, 
        "52": 7.0, 
        "53": 0.0, 
        "54": 2.0, 
        "55": 0.0, 
        "56": 0.0, 
        "57": 1.0, 
        "58": 23.0, 
        "59": 10.0, 
        "6": 0.0, 
        "60": 12.0, 
        "61": 78.0, 
        "62": 17.0, 
        "63": 19.55, 
        "64": 479.965, 
        "65": 9383.31, 
        "7": 0.0, 
        "8": 0.0, 
        "9": 0.0
      }, 
      "sha_stream": {
        "1": 29.0, 
        "10": 1.0, 
        "11": 8.0, 
        "12": 0.0, 
        "13": 22.0, 
        "14": 5.0, 
        "15": 0.0, 
        "16": 37.0, 
        "17": 1.0, 
        "18": 0.0, 
        "19": 4.0, 
        "2": 17.0, 
        "20": 9.0, 
        "21": 175.0, 
        "22": 76.0, 
        "23": 0.0, 
        "24": 189.0, 
        "25": 7.0, 
        "26": 2.55556, 
        "27": 1.72464, 
        "28": 3.0, 
        "29": 10.0, 
        "3": 9.0, 
        "30": 14.0, 
        "31": 0.0, 
        "32": 13.0, 
        "33": 0.0, 
        "34": 5.0, 
        "35": 5.0, 
        "36": 4.0, 
        "37": 3.0, 
        "38": 0.0, 
        "39": 0.0, 
        "4": 0.0, 
        "40": 8.0, 
        "41": 39.0, 
        "42": 0.0, 
        "43": 4.0, 
        "44": 2.0, 
        "45": 1.0, 
        "46": 12.0, 
        "47": 99.0, 
        "48": 15.0, 
        "49": 21.0, 
        "5": 18.0, 
        "50": 493.0, 
        "51": 0.0, 
        "52": 78.0, 
        "53": 0.0, 
        "54": 9.0, 
        "55": 0.0, 
        "56": 0.0, 
        "57": 10.0, 
        "58": 544.0, 
        "59": 86.0, 
        "6": 9.0, 
        "60": 444.0, 
        "61": 1390.0,